Delta,Time,CPU_FREQUENCY_0,CPU_FREQUENCY_1,CPU_FREQUENCY_2,CPU_FREQUENCY_3,CPU_FREQUENCY_4,CPU_FREQUENCY_5,CPU_FREQUENCY_6,CPU_FREQUENCY_7,CPU_USAGE_0,CPU_USAGE_1,CPU_USAGE_2,CPU_USAGE_3,CPU_USAGE_4,CPU_USAGE_5,CPU_USAGE_6,CPU_USAGE_7,DRAM_ENERGY (J),PACKAGE_ENERGY (J),PP0_ENERGY (J),PP1_ENERGY (J),TOTAL_MEMORY,TOTAL_SWAP,USED_MEMORY,USED_SWAP
0,1742933114064,2801,2801,2801,2801,2801,2801,2801,2801,100,100,100,100,100,100,100,100,16281.93505859375,176181.904296875,148753.99615478516,1880.106201171875,17024311296,2550136832,8156360704,0
200,1742933114065,2801,2801,2801,2801,2801,2801,2801,2801,100,100,100,100,100,100,100,100,16281.941101074219,176181.96997070313,148754.0601196289,1880.106201171875,17024311296,2550136832,8156069888,0
199,1742933114266,2801,2801,2801,2801,2801,2801,2801,2801,5.34027099609375,4.663795471191406,5.7594757080078125,5.521018981933594,5.4731903076171875,6.6596527099609375,5.234062194824219,4.5426025390625,16282.046081542969,176182.24169921875,148754.24005126953,1880.106201171875,17024311296,2550136832,8155947008,0
200,1742933114466,2801,2801,2801,2801,2801,2801,2801,2801,2.9764328002929688,0.6468048095703125,1.7532882690429688,0.4546356201171875,0.5442123413085938,0.6674652099609375,1.1719512939453125,1.4134140014648438,16282.153259277344,176182.48248291016,148754.37463378906,1880.1165771484375,17024311296,2550136832,8155721728,0
200,1742933114666,2801,2801,2801,2801,2801,2801,2801,2801,0.23528289794921875,0.300079345703125,1.2230682373046875,0.22332763671875,2.5955123901367188,0.089752197265625,0.7470779418945313,0.15171051025390625,16282.259765625,176182.66131591797,148754.49029541016,1880.1165771484375,17024311296,2550136832,8157024256,0
200,1742933114867,2801,2801,2801,2801,2801,2801,2801,2801,0.767608642578125,2.4903945922851563,1.6385650634765625,0.1187896728515625,0.58203125,0.10857391357421875,1.3094482421875,0.2540130615234375,16282.364135742188,176182.90948486328,148754.65057373047,1880.1165771484375,17024311296,2550136832,8155824128,0
200,1742933115068,2801,2801,2801,2801,2801,2801,2801,2801,0.2754058837890625,2.59283447265625,1.1978225708007813,0.1939544677734375,0.33960723876953125,0.37958526611328125,1.5279083251953125,0.46477508544921875,16282.472961425781,176183.1353149414,148754.8048095703,1880.1270141601563,17024311296,2550136832,8155582464,0
200,1742933115269,2801,2801,2801,2801,2801,2801,2801,2801,1.682830810546875,0.1497650146484375,1.238067626953125,0.07007598876953125,2.5168304443359375,0.0692291259765625,0.6838302612304688,0.6540451049804688,16282.577575683594,176183.3272705078,148754.95056152344,1880.1270141601563,17024311296,2550136832,8155283456,0
200,1742933115469,2801,2801,2801,2801,2801,2801,2801,2801,0.14548492431640625,0.1231689453125,3.917144775390625,0.1700897216796875,0.12854766845703125,1.15875244140625,0.6786651611328125,0.07819366455078125,16282.681213378906,176183.49798583984,148755.08813476563,1880.1270141601563,17024311296,2550136832,8145670144,0
200,1742933115670,2801,2801,2801,2801,2801,2801,2801,2801,0.35785675048828125,0.3266754150390625,3.737884521484375,0.0727691650390625,0.257843017578125,2.1799545288085938,0.8135299682617188,0.4336090087890625,16282.790771484375,176183.74182128906,148755.25274658203,1880.1321411132813,17024311296,2550136832,8147881984,0
200,1742933115871,2801,2801,2801,2801,2801,2801,2801,2801,0.5346450805664063,0.18138885498046875,1.2067031860351563,2.5386123657226563,0.17999267578125,0.1809844970703125,0.660400390625,0.66473388671875,16282.89404296875,176183.90600585938,148755.38079833984,1880.1321411132813,17024311296,2550136832,8147546112,0
200,1742933116072,2801,2801,2801,2801,2801,2801,2801,2801,0.5458526611328125,2.656280517578125,1.4147109985351563,0.8334274291992188,0.406494140625,0.30048370361328125,1.1418380737304688,0.5715179443359375,16283.000122070313,176184.1538696289,148755.5576171875,1880.1366577148438,17024311296,2550136832,8147206144,0
200,1742933116272,2801,2801,2801,2801,2801,2801,2801,2801,1.0771713256835938,2.4990005493164063,1.2833709716796875,0.5224227905273438,0.194793701171875,0.09717559814453125,0.73992919921875,0.1906585693359375,16283.107177734375,176184.3646850586,148755.6791381836,1880.1366577148438,17024311296,2550136832,8146915328,0
200,1742933116473,2801,2801,2801,2801,2801,2801,2801,2801,0.11096954345703125,2.4347305297851563,1.2659530639648438,0.0514984130859375,0.1658477783203125,0.12949371337890625,0.8219375610351563,0.5709152221679688,16283.210632324219,176184.5126953125,148755.79559326172,1880.1366577148438,17024311296,2550136832,8146632704,0
200,1742933116674,2801,2801,2801,2801,2801,2801,2801,2801,0.5352249145507813,0.264617919921875,3.65802001953125,0.06073760986328125,0.6058731079101563,0.38140869140625,0.9136428833007813,0.42426300048828125,16283.318481445313,176184.7286376953,148755.9405517578,1880.1410522460938,17024311296,2550136832,8147681280,0
200,1742933116875,2801,2801,2801,2801,2801,2801,2801,2801,0.671478271484375,0.150909423828125,1.2331314086914063,0.1605224609375,2.529815673828125,0.064697265625,1.1266021728515625,0.30615234375,16283.421997070313,176184.8907470703,148756.06127929688,1880.1410522460938,17024311296,2550136832,8147361792,0
200,1742933117075,2801,2801,2801,2801,2801,2801,2801,2801,0.03784942626953125,2.5643386840820313,1.1979522705078125,0.15309906005859375,0.215057373046875,0.07953643798828125,1.3394927978515625,0.0558319091796875,16283.525268554688,176185.04266357422,148756.18127441406,1880.1410522460938,17024311296,2550136832,8147062784,0
200,1742933117276,2801,2801,2801,2801,2801,2801,2801,2801,4.0377655029296875,0.15057373046875,1.3509521484375,0.17049407958984375,0.27852630615234375,0.32091522216796875,1.1924591064453125,0.4789581298828125,16283.633483886719,176185.28369140625,148756.34112548828,1880.1456909179688,17024311296,2550136832,8146743296,0
200,1742933117477,2801,2801,2801,2801,2801,2801,2801,2801,0.2870941162109375,0.1817169189453125,3.9034957885742188,0.08515167236328125,0.39272308349609375,0.17623138427734375,2.31719970703125,0.1359710693359375,16283.737976074219,176185.5263671875,148756.50701904297,1880.1456909179688,17024311296,2550136832,8146403328,0
200,1742933117677,2801,2801,2801,2801,2801,2801,2801,2801,0.49056243896484375,2.4963150024414063,1.1832199096679688,0.18395233154296875,0.2694244384765625,0.298980712890625,0.745880126953125,0.4185943603515625,16283.844604492188,176185.72973632813,148756.63836669922,1880.1505737304688,17024311296,2550136832,8147652608,0
200,1742933117878,2801,2801,2801,2801,2801,2801,2801,2801,0.713470458984375,0.1569366455078125,3.585784912109375,0.12760162353515625,0.2466888427734375,0.047515869140625,1.1007156372070313,0.015289306640625,16283.948425292969,176185.90057373047,148756.7626953125,1880.1505737304688,17024311296,2550136832,8147333120,0
200,1742933118079,2801,2801,2801,2801,2801,2801,2801,2801,0.67877197265625,2.4596176147460938,1.1998977661132813,0.08283233642578125,0.21392059326171875,0.0232086181640625,0.70257568359375,0.02326202392578125,16284.051635742188,176186.05224609375,148756.88159179688,1880.1505737304688,17024311296,2550136832,8147034112,0
200,1742933118280,2801,2801,2801,2801,2801,2801,2801,2801,3.2575836181640625,0.1095733642578125,1.2735671997070313,0.167999267578125,0.8805923461914063,0.16635894775390625,0.8768081665039063,0.4659423828125,16284.1591796875,176186.27264404297,148757.0287475586,1880.1555786132813,17024311296,2550136832,8146714624,0
200,1742933118481,2801,2801,2801,2801,2801,2801,2801,2801,0.117645263671875,0.30879974365234375,3.6542129516601563,0.11644744873046875,0.26486968994140625,0.092742919921875,0.6812591552734375,0.6104278564453125,16284.263061523438,176186.42584228516,148757.1430053711,1880.1555786132813,17024311296,2550136832,8146395136,0
200,1742933118681,2801,2801,2801,2801,2801,2801,2801,2801,0.02181243896484375,2.6304702758789063,1.281219482421875,0.02056884765625,0.31388092041015625,0.03914642333984375,0.9193267822265625,0.0213165283203125,16284.366455078125,176186.57818603516,148757.26232910156,1880.1555786132813,17024311296,2550136832,8147673088,0
200,1742933118882,2801,2801,2801,2801,2801,2801,2801,2801,3.8733139038085938,0.2292633056640625,1.4722061157226563,0.14957427978515625,0.6058578491210938,0.8213729858398438,1.3904190063476563,0.6769790649414063,16284.475341796875,176186.90045166016,148757.44989013672,1880.1607055664063,17024311296,2550136832,8147361792,0
200,1742933119083,2801,2801,2801,2801,2801,2801,2801,2801,0.0262451171875,2.4605178833007813,1.8702163696289063,0.09896087646484375,0.16814422607421875,0.01294708251953125,0.8195571899414063,0.10394287109375,16284.578857421875,176187.05895996094,148757.57543945313,1880.1607055664063,17024311296,2550136832,8147030016,0
200,1742933119284,2801,2801,2801,2801,2801,2801,2801,2801,1.1109695434570313,2.599639892578125,1.3756790161132813,0.0484466552734375,0.36583709716796875,0.3415679931640625,0.950531005859375,0.541229248046875,16284.686950683594,176187.31506347656,148757.7237548828,1880.1653442382813,17024311296,2550136832,8146767872,0
200,1742933119484,2801,2801,2801,2801,2801,2801,2801,2801,0.1407012939453125,0.11539459228515625,1.3248138427734375,0.19174957275390625,2.5327301025390625,0.066192626953125,0.9267196655273438,0.0160369873046875,16284.79150390625,176187.5206298828,148757.83380126953,1880.1653442382813,17024311296,2550136832,8146505728,0
200,1742933119685,2801,2801,2801,2801,2801,2801,2801,2801,0.1447296142578125,0.1816864013671875,3.5236892700195313,0.111663818359375,0.1990203857421875,0.045623779296875,0.7533950805664063,0.05100250244140625,16284.894409179688,176187.65631103516,148757.93743896484,1880.1653442382813,17024311296,2550136832,8147615744,0
200,1742933119886,2801,2801,2801,2801,2801,2801,2801,2801,1.1768722534179688,0.13980865478515625,1.2658309936523438,0.09418487548828125,2.6281356811523438,0.309051513671875,0.8710174560546875,0.41254425048828125,16285.002014160156,176187.8784790039,148758.08599853516,1880.1699829101563,17024311296,2550136832,8147296256,0
200,1742933120087,2801,2801,2801,2801,2801,2801,2801,2801,0.2042083740234375,2.4836654663085938,1.4024124145507813,0.09771728515625,0.16571044921875,0.12187957763671875,1.3753662109375,0.029632568359375,16285.10546875,176188.03149414063,148758.20239257813,1880.1699829101563,17024311296,2550136832,8146976768,0
200,1742933120287,2801,2801,2801,2801,2801,2801,2801,2801,1.384490966796875,0.1829681396484375,3.89288330078125,0.2384185791015625,0.31147003173828125,1.0674972534179688,1.2306747436523438,0.26418304443359375,16285.210693359375,176188.28887939453,148758.3673095703,1880.1729125976563,17024311296,2550136832,8146636800,0
200,1742933120488,2801,2801,2801,2801,2801,2801,2801,2801,0.31885528564453125,0.3297119140625,1.2236709594726563,0.1665496826171875,0.241455078125,2.4769287109375,0.808197021484375,2.0544281005859375,16285.318603515625,176188.51513671875,148758.52349853516,1880.1754760742188,17024311296,2550136832,8146374656,0
200,1742933120689,2801,2801,2801,2801,2801,2801,2801,2801,1.1778488159179688,2.5566024780273438,1.1812286376953125,0.2401123046875,0.07973480224609375,0.126007080078125,0.74114990234375,0.0261993408203125,16285.422241210938,176188.68127441406,148758.65600585938,1880.1754760742188,17024311296,2550136832,8147595264,0
200,1742933120890,2801,2801,2801,2801,2801,2801,2801,2801,3.2098236083984375,0.1684417724609375,1.5057601928710938,0.04695892333984375,0.23609161376953125,0.43180084228515625,1.2574081420898438,0.6671371459960938,16285.529418945313,176188.9037475586,148758.81280517578,1880.1799926757813,17024311296,2550136832,8147304448,0
200,1742933121090,2801,2801,2801,2801,2801,2801,2801,2801,0.8971023559570313,3.88134765625,1.889923095703125,0.09816741943359375,0.31158447265625,0.1266021728515625,1.0463180541992188,1.456512451171875,16285.638488769531,176189.15350341797,148759.0118408203,1880.1799926757813,17024311296,2550136832,8146735104,0
200,1742933121291,2801,2801,2801,2801,2801,2801,2801,2801,1.198150634765625,0.2761383056640625,7.924163818359375,0.4511871337890625,7.156150817871094,0.7302093505859375,3.2659530639648438,1.8867721557617188,16285.752807617188,176189.62145996094,148759.43200683594,1880.1799926757813,17024311296,2550136832,8145973248,0
200,1742933121492,2801,2801,2801,2801,2801,2801,2801,2801,4.592735290527344,3.0219268798828125,6.98291015625,0.48014068603515625,3.8607254028320313,0.5604248046875,1.206817626953125,6.728050231933594,16285.867248535156,176190.21313476563,148759.91766357422,1880.1842041015625,17024311296,2550136832,8144216064,0
200,1742933121692,2801,2801,2801,2801,2801,2801,2801,2801,1.0241241455078125,2.9182662963867188,2.4621429443359375,0.8919830322265625,0.6785125732421875,0.10962677001953125,0.8411865234375,1.1070022583007813,16285.974548339844,176190.51934814453,148760.13092041016,1880.1842041015625,17024311296,2550136832,8147591168,0
200,1742933121893,2801,2801,2801,2801,2801,2801,2801,2801,1.1703720092773438,2.2418746948242188,2.6138076782226563,0.4319915771484375,0.7663421630859375,0.35199737548828125,1.4253921508789063,0.43103790283203125,16286.083435058594,176190.7533569336,148760.30822753906,1880.1891479492188,17024311296,2550136832,8146378752,0
200,1742933122094,2801,2801,2801,2801,2801,2801,2801,2801,0.1827850341796875,0.21172332763671875,1.2189865112304688,0.26834869384765625,2.5287704467773438,0.1405029296875,2.3963851928710938,0.11589813232421875,16286.191589355469,176190.95965576172,148760.45501708984,1880.1891479492188,17024311296,2550136832,8145580032,0
200,1742933122295,2801,2801,2801,2801,2801,2801,2801,2801,0.7760162353515625,0.339874267578125,3.1716079711914063,0.02490234375,2.629974365234375,0.394256591796875,1.0293807983398438,0.06116485595703125,16286.298583984375,176191.1407470703,148760.60418701172,1880.1891479492188,17024311296,2550136832,8147165184,0
200,1742933122495,2801,2801,2801,2801,2801,2801,2801,2801,0.3995208740234375,0.33882904052734375,1.40374755859375,0.140716552734375,2.6917495727539063,0.1867523193359375,1.07269287109375,1.034423828125,16286.407531738281,176191.3662109375,148760.7550048828,1880.1932373046875,17024311296,2550136832,8147165184,0
200,1742933122696,2801,2801,2801,2801,2801,2801,2801,2801,0.07704925537109375,2.5396575927734375,1.278045654296875,0.07689666748046875,0.1890106201171875,0.099761962890625,0.647369384765625,0.10384368896484375,16286.510498046875,176191.50848388672,148760.85968017578,1880.1932373046875,17024311296,2550136832,8147165184,0
200,1742933122897,2801,2801,2801,2801,2801,2801,2801,2801,0.7654342651367188,0.22988128662109375,1.3515777587890625,0.06478118896484375,2.55474853515625,0.5216522216796875,0.7984771728515625,0.2862396240234375,16286.614135742188,176191.7060546875,148761.0009765625,1880.1932373046875,17024311296,2550136832,8146825216,0
200,1742933123098,2801,2801,2801,2801,2801,2801,2801,2801,0.297393798828125,2.66839599609375,1.369537353515625,0.1046905517578125,0.20848846435546875,0.42565155029296875,2.900848388671875,0.47226715087890625,16286.722717285156,176191.98992919922,148761.18182373047,1880.1983032226563,17024311296,2550136832,8146554880,0
200,1742933123298,2801,2801,2801,2801,2801,2801,2801,2801,1.0200576782226563,2.7878799438476563,1.2861328125,0.19310760498046875,0.17333221435546875,0.5047531127929688,1.1434783935546875,0.08835601806640625,16286.826110839844,176192.15057373047,148761.30645751953,1880.1983032226563,17024311296,2550136832,8146292736,0
200,1742933123499,2801,2801,2801,2801,2801,2801,2801,2801,0.1584320068359375,2.718414306640625,1.3411407470703125,0.08397674560546875,0.223724365234375,0.24146270751953125,0.8879165649414063,0.6430130004882813,16286.931945800781,176192.3427734375,148761.443359375,1880.203369140625,17024311296,2550136832,8146001920,0
200,1742933123700,2801,2801,2801,2801,2801,2801,2801,2801,0.148468017578125,2.5671157836914063,1.1925888061523438,0.18039703369140625,0.15728759765625,0.28757476806640625,0.6582260131835938,0.164306640625,16287.036560058594,176192.49896240234,148761.54803466797,1880.203369140625,17024311296,2550136832,8147144704,0
200,1742933123901,2801,2801,2801,2801,2801,2801,2801,2801,0.6507949829101563,0.10553741455078125,1.1971054077148438,0.13103485107421875,2.5042190551757813,0.10932159423828125,1.1297149658203125,0.02783966064453125,16287.139282226563,176192.6537475586,148761.6690673828,1880.203369140625,17024311296,2550136832,8146825216,0
200,1742933124101,2801,2801,2801,2801,2801,2801,2801,2801,0.9903793334960938,2.4623794555664063,1.3594894409179688,0.0786895751953125,0.1726226806640625,0.33016204833984375,0.90142822265625,0.40033721923828125,16287.247131347656,176192.8764038086,148761.8194580078,1880.2085571289063,17024311296,2550136832,8146505728,0
200,1742933124302,2801,2801,2801,2801,2801,2801,2801,2801,1.0682220458984375,0.18001556396484375,3.6992568969726563,0.12241363525390625,0.27133941650390625,0.12635040283203125,0.9503860473632813,0.23755645751953125,16287.351318359375,176193.126953125,148761.947265625,1880.2085571289063,17024311296,2550136832,8146165760,0
200,1742933124503,2801,2801,2801,2801,2801,2801,2801,2801,0.05553436279296875,0.36020660400390625,3.591094970703125,0.06833648681640625,0.21715545654296875,0.15360260009765625,0.7346038818359375,0.5804061889648438,16287.454772949219,176193.27508544922,148762.0619506836,1880.2085571289063,17024311296,2550136832,8145862656,0
200,1742933124704,2801,2801,2801,2801,2801,2801,2801,2801,0.36244964599609375,2.63580322265625,1.279205322265625,0.2854461669921875,0.289031982421875,0.39377593994140625,0.856536865234375,0.4389495849609375,16287.562622070313,176193.48956298828,148762.19897460938,1880.2144165039063,17024311296,2550136832,8147042304,0
200,1742933124904,2801,2801,2801,2801,2801,2801,2801,2801,0.9793853759765625,0.1542510986328125,3.511627197265625,0.171234130859375,0.13104248046875,0.13323211669921875,0.7142181396484375,0.26636505126953125,16287.665710449219,176193.64794921875,148762.3231201172,1880.2144165039063,17024311296,2550136832,8146722816,0
200,1742933125105,2801,2801,2801,2801,2801,2801,2801,2801,2.5837249755859375,0.21286773681640625,1.3422470092773438,0.1367645263671875,0.26081085205078125,0.4272308349609375,1.5445556640625,0.39837646484375,16287.773132324219,176193.86724853516,148762.47778320313,1880.2199096679688,17024311296,2550136832,8146440192,0
200,1742933125306,2801,2801,2801,2801,2801,2801,2801,2801,1.0373687744140625,0.12860107421875,1.2777862548828125,0.10419464111328125,2.5171661376953125,0.40726470947265625,0.708892822265625,0.08895111083984375,16287.876831054688,176194.0355834961,148762.60107421875,1880.2199096679688,17024311296,2550136832,8146120704,0
200,1742933125507,2801,2801,2801,2801,2801,2801,2801,2801,2.4633102416992188,0.22542572021484375,1.1817474365234375,0.23493194580078125,0.28279876708984375,0.0771026611328125,0.6724319458007813,1.1131134033203125,16287.980346679688,176194.20001220703,148762.73211669922,1880.2199096679688,17024311296,2550136832,8145801216,0
200,1742933125707,2801,2801,2801,2801,2801,2801,2801,2801,0.3248443603515625,2.8371734619140625,1.3152618408203125,0.1751708984375,0.20276641845703125,0.43675994873046875,0.9520645141601563,1.5909500122070313,16288.090148925781,176194.48541259766,148762.89923095703,1880.2252807617188,17024311296,2550136832,8147042304,0
200,1742933125908,2801,2801,2801,2801,2801,2801,2801,2801,0.43579864501953125,0.15175628662109375,1.2902755737304688,0.1010589599609375,2.5021514892578125,0.5607147216796875,0.7415618896484375,0.03292083740234375,16288.193176269531,176194.64288330078,148763.0191040039,1880.2252807617188,17024311296,2550136832,8146722816,0
200,1742933126109,2801,2801,2801,2801,2801,2801,2801,2801,0.1563873291015625,2.4488143920898438,1.9144439697265625,0.06305694580078125,0.2649688720703125,0.06156158447265625,0.936004638671875,0.0248565673828125,16288.296569824219,176194.79565429688,148763.13934326172,1880.2252807617188,17024311296,2550136832,8146423808,0
200,1742933126310,2801,2801,2801,2801,2801,2801,2801,2801,1.766021728515625,0.12481689453125,1.26910400390625,0.191650390625,2.6817092895507813,0.370208740234375,1.1405105590820313,0.5248031616210938,16288.404663085938,176195.03356933594,148763.2969970703,1880.2306518554688,17024311296,2550136832,8146104320,0
200,1742933126510,2801,2801,2801,2801,2801,2801,2801,2801,0.11988067626953125,0.2550048828125,1.3143844604492188,0.127899169921875,2.5243301391601563,0.097869873046875,0.708740234375,0.6821441650390625,16288.508361816406,176195.1865234375,148763.41674804688,1880.2306518554688,17024311296,2550136832,8145784832,0
200,1742933126711,2801,2801,2801,2801,2801,2801,2801,2801,0.26251220703125,2.7046890258789063,1.2777557373046875,0.075958251953125,0.4989013671875,0.385711669921875,0.6861038208007813,0.4856414794921875,16288.615112304688,176195.39428710938,148763.56048583984,1880.2352294921875,17024311296,2550136832,8147062784,0
200,1742933126912,2801,2801,2801,2801,2801,2801,2801,2801,3.0032272338867188,0.5188064575195313,1.2201461791992188,0.170928955078125,0.3581390380859375,0.10010528564453125,0.7600555419921875,0.2715301513671875,16288.719421386719,176195.56732177734,148763.68688964844,1880.2352294921875,17024311296,2550136832,8146743296,0
200,1742933127113,2801,2801,2801,2801,2801,2801,2801,2801,8.725257873535156,0.115997314453125,1.4093551635742188,0.1704864501953125,2.8947067260742188,0.08402252197265625,1.4722061157226563,0.04138946533203125,16288.83203125,176195.96087646484,148763.99188232422,1880.2352294921875,17024311296,2550136832,8143732736,0
200,1742933127313,2801,2801,2801,2801,2801,2801,2801,2801,0.7745895385742188,0.1998748779296875,1.2897872924804688,0.14997100830078125,2.612457275390625,0.8922348022460938,0.813140869140625,0.5514068603515625,16288.939819335938,176196.18231201172,148764.13806152344,1880.2396850585938,17024311296,2550136832,8143372288,0
200,1742933127514,2801,2801,2801,2801,2801,2801,2801,2801,0.11904144287109375,0.18881988525390625,3.5124053955078125,0.12506103515625,0.33370208740234375,0.061065673828125,0.6681060791015625,0.0535430908203125,16289.042785644531,176196.3282470703,148764.24938964844,1880.2396850585938,17024311296,2550136832,8143052800,0
200,1742933127715,2801,2801,2801,2801,2801,2801,2801,2801,0.0822601318359375,0.4481658935546875,3.4855422973632813,0.04738616943359375,0.313446044921875,0.249969482421875,0.7445220947265625,0.129241943359375,16289.14697265625,176196.48760986328,148764.3682861328,1880.2423706054688,17024311296,2550136832,8147013632,0
200,1742933127916,2801,2801,2801,2801,2801,2801,2801,2801,0.9019927978515625,0.2596893310546875,1.3583602905273438,0.1022491455078125,2.6048660278320313,0.1432952880859375,1.2854995727539063,0.459808349609375,16289.253845214844,176196.70037841797,148764.51153564453,1880.2448120117188,17024311296,2550136832,8146677760,0
200,1742933128116,2801,2801,2801,2801,2801,2801,2801,2801,0.8749847412109375,0.1561431884765625,3.7122116088867188,0.14020538330078125,0.1333770751953125,0.1203765869140625,1.4183120727539063,0.105987548828125,16289.358459472656,176196.86877441406,148764.6446533203,1880.2448120117188,17024311296,2550136832,8146358272,0
200,1742933128317,2801,2801,2801,2801,2801,2801,2801,2801,0.8531265258789063,0.610107421875,3.5947113037109375,0.0890350341796875,0.30687713623046875,0.4042816162109375,0.8551177978515625,0.6070175170898438,16289.465637207031,176197.0810546875,148764.79028320313,1880.2501831054688,17024311296,2550136832,8146038784,0
200,1742933128518,2801,2801,2801,2801,2801,2801,2801,2801,0.2825469970703125,0.12606048583984375,1.3228988647460938,0.14119720458984375,2.52362060546875,0.0677337646484375,0.7357330322265625,0.9873580932617188,16289.570434570313,176197.29333496094,148764.9093017578,1880.2501831054688,17024311296,2550136832,8145145856,0
200,1742933128719,2801,2801,2801,2801,2801,2801,2801,2801,0.06211090087890625,2.5912322998046875,1.2575607299804688,0.10135650634765625,0.247833251953125,0.08477020263671875,0.6111221313476563,0.091796875,16289.673461914063,176197.43225097656,148765.0161743164,1880.2501831054688,17024311296,2550136832,8146628608,0
200,1742933128919,2801,2801,2801,2801,2801,2801,2801,2801,0.8896102905273438,0.21218109130859375,1.6998291015625,0.260589599609375,2.5544815063476563,0.4361114501953125,0.78765869140625,0.753387451171875,16289.781433105469,176197.66430664063,148765.17169189453,1880.2549438476563,17024311296,2550136832,8146239488,0
200,1742933129120,2801,2801,2801,2801,2801,2801,2801,2801,0.6920623779296875,2.5784835815429688,1.2801284790039063,0.19414520263671875,0.216705322265625,0.14483642578125,0.7868423461914063,0.04174041748046875,16289.885131835938,176197.82025146484,148765.29327392578,1880.2549438476563,17024311296,2550136832,8146075648,0
200,1742933129321,2801,2801,2801,2801,2801,2801,2801,2801,2.1976470947265625,3.1096649169921875,1.2727203369140625,0.21782684326171875,0.23162841796875,0.8678131103515625,1.0205612182617188,0.5811691284179688,16289.991638183594,176198.0802001953,148765.45166015625,1880.2597045898438,17024311296,2550136832,8145846272,0
200,1742933129522,2801,2801,2801,2801,2801,2801,2801,2801,0.23040008544921875,0.21431732177734375,1.245391845703125,0.112457275390625,2.5400848388671875,0.09832000732421875,0.7385177612304688,0.2657623291015625,16290.096923828125,176198.2508544922,148765.56579589844,1880.2597045898438,17024311296,2550136832,8145555456,0
200,1742933129722,2801,2801,2801,2801,2801,2801,2801,2801,0.21160125732421875,0.6343612670898438,1.2861175537109375,0.19426727294921875,2.6642532348632813,0.084503173828125,0.7417831420898438,0.03781890869140625,16290.200317382813,176198.4315185547,148765.6826171875,1880.2597045898438,17024311296,2550136832,8146518016,0
200,1742933129923,2801,2801,2801,2801,2801,2801,2801,2801,0.6881790161132813,0.13861846923828125,1.2865676879882813,0.7044219970703125,2.6409454345703125,0.328369140625,0.7552490234375,0.436492919921875,16290.30712890625,176198.66015625,148765.8292236328,1880.2648315429688,17024311296,2550136832,8146223104,0
200,1742933130124,2801,2801,2801,2801,2801,2801,2801,2801,0.28957366943359375,0.18373870849609375,1.3235092163085938,0.13697052001953125,2.4356842041015625,0.1497650146484375,1.3479080200195313,0.213470458984375,16290.411865234375,176198.82739257813,148765.95306396484,1880.2648315429688,17024311296,2550136832,8145793024,0
200,1742933130325,2801,2801,2801,2801,2801,2801,2801,2801,0.9792022705078125,0.13890838623046875,1.2977218627929688,0.08586883544921875,2.655059814453125,0.1432952880859375,0.7675704956054688,0.1440887451171875,16290.515014648438,176198.98217773438,148766.07482910156,1880.2648315429688,17024311296,2550136832,8145465344,0
200,1742933130525,2801,2801,2801,2801,2801,2801,2801,2801,0.6790771484375,0.3925323486328125,2.9180145263671875,0.10992431640625,0.26387786865234375,0.6728439331054688,3.3042678833007813,1.5919952392578125,16290.625671386719,176199.2645263672,148766.27435302734,1880.2698364257813,17024311296,2550136832,8145100800,0
200,1742933130726,2801,2801,2801,2801,2801,2801,2801,2801,0.49318695068359375,0.28702545166015625,4.759452819824219,0.09705352783203125,0.26161956787109375,0.21523284912109375,0.9280853271484375,0.4588623046875,16290.73095703125,176199.490234375,148766.42358398438,1880.2698364257813,17024311296,2550136832,8146444288,0
200,1742933130927,2801,2801,2801,2801,2801,2801,2801,2801,1.069183349609375,0.145538330078125,3.7503585815429688,0.0519866943359375,0.32884979248046875,0.36309051513671875,0.9416351318359375,0.6153793334960938,16290.837158203125,176199.6937866211,148766.56622314453,1880.2747192382813,17024311296,2550136832,8146223104,0
200,1742933131127,2801,2801,2801,2801,2801,2801,2801,2801,3.370452880859375,0.2119598388671875,1.3491287231445313,0.2381134033203125,0.323516845703125,0.12606048583984375,1.13671875,0.14733123779296875,16290.943359375,176199.9490966797,148766.7137451172,1880.2747192382813,17024311296,2550136832,8145797120,0
200,1742933131328,2801,2801,2801,2801,2801,2801,2801,2801,0.9536056518554688,0.1432952880859375,3.52032470703125,0.0741119384765625,0.2066497802734375,0.04412841796875,0.60186767578125,0.29306793212890625,16291.046630859375,176200.1353149414,148766.83013916016,1880.2747192382813,17024311296,2550136832,8145506304,0
200,1742933131529,2801,2801,2801,2801,2801,2801,2801,2801,0.32767486572265625,0.24938201904296875,3.7186126708984375,0.18209075927734375,0.2440032958984375,0.41304779052734375,0.9897079467773438,0.5347747802734375,16291.154235839844,176200.34118652344,148766.9669189453,1880.27880859375,17024311296,2550136832,8145178624,0
200,1742933131730,2801,2801,2801,2801,2801,2801,2801,2801,2.7347183227539063,0.16207122802734375,1.243865966796875,0.20470428466796875,0.16107177734375,0.39760589599609375,0.6684036254882813,0.04482269287109375,16291.258056640625,176200.4949951172,148767.0824584961,1880.27880859375,17024311296,2550136832,8146313216,0
200,1742933131930,2801,2801,2801,2801,2801,2801,2801,2801,0.894622802734375,0.16490936279296875,3.5986175537109375,0.05892181396484375,0.22258758544921875,0.05568695068359375,0.7694091796875,0.0137939453125,16291.360900878906,176200.6494140625,148767.20379638672,1880.27880859375,17024311296,2550136832,8145993728,0
200,1742933132131,2801,2801,2801,2801,2801,2801,2801,2801,0.35994720458984375,0.20565032958984375,1.409698486328125,0.14005279541015625,2.5571670532226563,0.430572509765625,1.5205154418945313,0.4651336669921875,16291.469116210938,176200.8833618164,148767.36029052734,1880.2835083007813,17024311296,2550136832,8145678336,0
200,1742933132332,2801,2801,2801,2801,2801,2801,2801,2801,3.3186416625976563,0.2906036376953125,1.3666229248046875,0.027587890625,2.5396041870117188,0.0152435302734375,1.0829391479492188,0.09801483154296875,16291.576599121094,176201.08404541016,148767.52362060547,1880.2835083007813,17024311296,2550136832,8146317312,0
200,1742933132533,2801,2801,2801,2801,2801,2801,2801,2801,0.6035232543945313,0.4494171142578125,3.9268035888671875,0.18605804443359375,0.5283584594726563,0.6043167114257813,1.0934066772460938,1.2202529907226563,16291.686645507813,176201.35870361328,148767.68731689453,1880.2886962890625,17024311296,2550136832,8146296832,0
200,1742933132733,2801,2801,2801,2801,2801,2801,2801,2801,2.752532958984375,1.4234085083007813,2.2313613891601563,2.22015380859375,7.172576904296875,0.5110626220703125,4.567665100097656,0.5367584228515625,16291.800170898438,176201.90069580078,148768.1039428711,1880.2886962890625,17024311296,2550136832,8139030528,0
200,1742933132934,2801,2801,2801,2801,2801,2801,2801,2801,2.87982177734375,0.1396026611328125,1.286285400390625,0.10927581787109375,0.21038055419921875,0.096771240234375,1.1125106811523438,0.26078033447265625,16291.903137207031,176202.05181884766,148768.22229003906,1880.2886962890625,17024311296,2550136832,8138715136,0
200,1742933133135,2801,2801,2801,2801,2801,2801,2801,2801,0.2938079833984375,3.3433685302734375,1.3018951416015625,0.146728515625,0.3541717529296875,0.35855865478515625,1.4868240356445313,0.417724609375,16292.012329101563,176202.2930908203,148768.38775634766,1880.293701171875,17024311296,2550136832,8138420224,0
200,1742933133336,2801,2801,2801,2801,2801,2801,2801,2801,2.9072647094726563,0.47943115234375,1.3219985961914063,0.07436370849609375,0.223480224609375,0.0935821533203125,0.7641677856445313,0.08840179443359375,16292.115539550781,176202.44689941406,148768.50421142578,1880.293701171875,17024311296,2550136832,8138080256,0
200,1742933133536,2801,2801,2801,2801,2801,2801,2801,2801,2.4135360717773438,0.2121124267578125,1.3403549194335938,0.08679962158203125,0.20090484619140625,0.260101318359375,0.771728515625,0.1036376953125,16292.219360351563,176202.60162353516,148768.6182861328,1880.2968139648438,17024311296,2550136832,8137764864,0
200,1742933133737,2801,2801,2801,2801,2801,2801,2801,2801,0.25341033935546875,2.6172332763671875,1.2699432373046875,0.0514984130859375,0.32263946533203125,0.1601715087890625,0.796539306640625,0.462890625,16292.326110839844,176202.79888916016,148768.74865722656,1880.2989501953125,17024311296,2550136832,8138977280,0
200,1742933133938,2801,2801,2801,2801,2801,2801,2801,2801,0.8549346923828125,0.08800506591796875,4.059700012207031,0.14115142822265625,0.7848052978515625,0.07470703125,1.2074127197265625,0.04741668701171875,16292.430541992188,176203.04028320313,148768.9044189453,1880.2989501953125,17024311296,2550136832,8138612736,0
200,1742933134139,2801,2801,2801,2801,2801,2801,2801,2801,0.3310546875,2.5000534057617188,1.2703170776367188,0.1294097900390625,0.35906982421875,0.97216796875,0.8995361328125,0.4767608642578125,16292.538146972656,176203.25927734375,148769.05731201172,1880.3043823242188,17024311296,2550136832,8138317824,0
200,1742933134339,2801,2801,2801,2801,2801,2801,2801,2801,0.74127197265625,0.380767822265625,3.5458755493164063,0.10529327392578125,0.28424835205078125,0.05777740478515625,1.1528244018554688,0.086761474609375,16292.642639160156,176203.47888183594,148769.1827392578,1880.3043823242188,17024311296,2550136832,8138002432,0
200,1742933134540,2801,2801,2801,2801,2801,2801,2801,2801,0.02684783935546875,0.1333770751953125,3.4743804931640625,0.03556060791015625,0.15912628173828125,0.02126312255859375,0.6683807373046875,0.5417251586914063,16292.74560546875,176203.62322998047,148769.2957763672,1880.3043823242188,17024311296,2550136832,8137687040,0
200,1742933134741,2801,2801,2801,2801,2801,2801,2801,2801,0.35746002197265625,0.38520050048828125,3.5374679565429688,0.0833740234375,0.23807525634765625,0.33922576904296875,0.9240951538085938,0.473052978515625,16292.853332519531,176203.8310546875,148769.427734375,1880.3095092773438,17024311296,2550136832,8138805248,0
200,1742933134942,2801,2801,2801,2801,2801,2801,2801,2801,0.5949859619140625,0.127105712890625,1.2198562622070313,0.0539398193359375,2.5580520629882813,0.46837615966796875,0.7402725219726563,0.22014617919921875,16292.956420898438,176203.98907470703,148769.54949951172,1880.3095092773438,17024311296,2550136832,8138489856,0
200,1742933135142,2801,2801,2801,2801,2801,2801,2801,2801,1.0498733520507813,0.33575439453125,1.3282089233398438,0.19080352783203125,2.93365478515625,0.131591796875,1.04205322265625,0.31925201416015625,16293.063110351563,176204.19427490234,148769.69366455078,1880.31494140625,17024311296,2550136832,8138153984,0
200,1742933135343,2801,2801,2801,2801,2801,2801,2801,2801,1.314208984375,2.8191375732421875,1.3220291137695313,0.1016082763671875,0.2984466552734375,0.5732803344726563,1.2048873901367188,0.18976593017578125,16293.170166015625,176204.42303466797,148769.82971191406,1880.31494140625,17024311296,2550136832,8137781248,0
200,1742933135544,2801,2801,2801,2801,2801,2801,2801,2801,1.63580322265625,4.730155944824219,9.686485290527344,5.0956878662109375,12.609054565429688,0.4589691162109375,5.538169860839844,1.42327880859375,16293.289916992188,176205.2117919922,148770.529296875,1880.31494140625,17024311296,2550136832,8136265728,0
200,1742933135745,2801,2801,2801,2801,2801,2801,2801,2801,0.5152587890625,2.8691787719726563,2.0423965454101563,1.0338592529296875,0.43518829345703125,0.4263153076171875,0.8976287841796875,1.9400558471679688,16293.39990234375,176205.47821044922,148770.72149658203,1880.3201904296875,17024311296,2550136832,8138805248,0
200,1742933135945,2801,2801,2801,2801,2801,2801,2801,2801,0.643310546875,0.120330810546875,1.2035369873046875,0.10614013671875,2.4798431396484375,0.07117462158203125,1.2325286865234375,0.38057708740234375,16293.503723144531,176205.63995361328,148770.84216308594,1880.3201904296875,17024311296,2550136832,8138469376,0
200,1742933136146,2801,2801,2801,2801,2801,2801,2801,2801,0.06360626220703125,2.4213333129882813,1.1355819702148438,0.13930511474609375,0.2346343994140625,0.08177947998046875,1.3005447387695313,0.02539825439453125,16293.606872558594,176205.7914428711,148770.96160888672,1880.3201904296875,17024311296,2550136832,8138219520,0
200,1742933136347,2801,2801,2801,2801,2801,2801,2801,2801,0.8211441040039063,0.25978851318359375,1.2993316650390625,0.2265167236328125,2.543426513671875,0.8603439331054688,0.8197021484375,0.5157394409179688,16293.71484375,176206.02294921875,148771.11602783203,1880.3250732421875,17024311296,2550136832,8137904128,0
200,1742933136548,2801,2801,2801,2801,2801,2801,2801,2801,0.14483642578125,2.8442459106445313,1.4368209838867188,0.181854248046875,0.2594757080078125,0.08594512939453125,0.7201766967773438,0.6053390502929688,16293.818786621094,176206.20782470703,148771.23779296875,1880.3250732421875,17024311296,2550136832,8137527296,0
200,1742933136748,2801,2801,2801,2801,2801,2801,2801,2801,0.66693115234375,0.278839111328125,1.1847915649414063,0.2353363037109375,2.7393341064453125,0.13550567626953125,0.9534454345703125,0.5073013305664063,16293.925170898438,176206.41314697266,148771.37237548828,1880.3298950195313,17024311296,2550136832,8138801152,0
200,1742933136949,2801,2801,2801,2801,2801,2801,2801,2801,2.8948898315429688,0.19339752197265625,1.2568588256835938,0.1578826904296875,0.18204498291015625,0.6633682250976563,0.6736831665039063,0.29883575439453125,16294.029907226563,176206.59045410156,148771.49688720703,1880.3298950195313,17024311296,2550136832,8138485760,0
200,1742933137150,2801,2801,2801,2801,2801,2801,2801,2801,0.046722412109375,2.4834671020507813,1.2612075805664063,0.11341094970703125,0.1544036865234375,0.19075775146484375,1.4249725341796875,0.01802825927734375,16294.133361816406,176206.7489013672,148771.62158203125,1880.3298950195313,17024311296,2550136832,8138018816,0
200,1742933137351,2801,2801,2801,2801,2801,2801,2801,2801,1.0314483642578125,2.5260467529296875,1.31170654296875,0.058074951171875,0.3100433349609375,0.747894287109375,0.943939208984375,0.5067291259765625,16294.240966796875,176206.97314453125,148771.77325439453,1880.3348999023438,17024311296,2550136832,8137703424,0
200,1742933137551,2801,2801,2801,2801,2801,2801,2801,2801,0.12924957275390625,0.07047271728515625,3.4878616333007813,0.0972747802734375,0.311981201171875,0.05214691162109375,0.702117919921875,0.078643798828125,16294.343811035156,176207.11267089844,148771.87664794922,1880.3348999023438,17024311296,2550136832,8137388032,0
200,1742933137752,2801,2801,2801,2801,2801,2801,2801,2801,0.13726806640625,0.19185638427734375,1.1793060302734375,0.12366485595703125,2.4998626708984375,0.03122711181640625,0.7099838256835938,0.03685760498046875,16294.446655273438,176207.25024414063,148771.982421875,1880.3348999023438,17024311296,2550136832,8138817536,0
200,1742933137953,2801,2801,2801,2801,2801,2801,2801,2801,3.1395797729492188,0.13208770751953125,1.3012542724609375,0.17507171630859375,0.3663330078125,0.8611602783203125,0.9388580322265625,0.40642547607421875,16294.554931640625,176207.52600097656,148772.13232421875,1880.3394775390625,17024311296,2550136832,8138481664,0
200,1742933138154,2801,2801,2801,2801,2801,2801,2801,2801,0.0806884765625,2.494293212890625,1.9917984008789063,0.07117462158203125,0.23409271240234375,0.0313262939453125,0.717559814453125,0.03122711181640625,16294.658325195313,176207.67919921875,148772.25256347656,1880.3394775390625,17024311296,2550136832,8138186752,0
200,1742933138354,2801,2801,2801,2801,2801,2801,2801,2801,1.3943710327148438,2.8738784790039063,1.4150619506835938,0.0366363525390625,0.2854461669921875,0.7775802612304688,1.1920166015625,0.5050506591796875,16294.764587402344,176207.8901977539,148772.40496826172,1880.3447265625,17024311296,2550136832,8137871360,0
200,1742933138555,2801,2801,2801,2801,2801,2801,2801,2801,0.09040069580078125,2.4796905517578125,1.2142715454101563,0.09004974365234375,0.2176055908203125,0.09084320068359375,0.6289520263671875,0.6041946411132813,16294.869689941406,176208.0565185547,148772.52056884766,1880.3447265625,17024311296,2550136832,8137555968,0
200,1742933138756,2801,2801,2801,2801,2801,2801,2801,2801,0.19359588623046875,2.5118560791015625,1.2368011474609375,0.16580963134765625,0.21630859375,0.0624542236328125,0.659637451171875,0.02689361572265625,16294.972534179688,176208.19366455078,148772.62573242188,1880.3447265625,17024311296,2550136832,8138817536,0
200,1742933138957,2801,2801,2801,2801,2801,2801,2801,2801,1.4853591918945313,0.228179931640625,1.3235397338867188,0.2375946044921875,2.5946731567382813,1.00732421875,0.8607559204101563,0.646026611328125,16295.080749511719,176208.43524169922,148772.78936767578,1880.35009765625,17024311296,2550136832,8138502144,0
200,1742933139157,2801,2801,2801,2801,2801,2801,2801,2801,0.03461456298828125,2.5418701171875,1.248199462890625,0.16794586181640625,0.20206451416015625,0.08795928955078125,1.456634521484375,0.0286407470703125,16295.184204101563,176208.59130859375,148772.90869140625,1880.35009765625,17024311296,2550136832,8138186752,0
200,1742933139358,2801,2801,2801,2801,2801,2801,2801,2801,0.3984527587890625,2.6472549438476563,1.3791351318359375,0.06903076171875,0.2402191162109375,0.6129150390625,0.7816619873046875,0.1014556884765625,16295.287780761719,176208.81616210938,148773.0244140625,1880.35009765625,17024311296,2550136832,8137850880,0
200,1742933139559,2801,2801,2801,2801,2801,2801,2801,2801,0.309356689453125,2.4915847778320313,1.3600006103515625,0.12775421142578125,0.27135467529296875,0.3355560302734375,0.9098892211914063,0.4599761962890625,16295.395385742188,176209.02868652344,148773.1607055664,1880.354736328125,17024311296,2550136832,8137502720,0
200,1742933139760,2801,2801,2801,2801,2801,2801,2801,2801,0.79107666015625,0.1825408935546875,3.470550537109375,0.08815765380859375,0.18074798583984375,0.48665618896484375,0.69927978515625,0.0232086181640625,16295.498596191406,176209.17999267578,148773.27838134766,1880.354736328125,17024311296,2550136832,8138772480,0
200,1742933139960,2801,2801,2801,2801,2801,2801,2801,2801,0.6777191162109375,0.19846343994140625,1.2632904052734375,0.158935546875,2.6244583129882813,0.9319992065429688,0.8044662475585938,0.45917510986328125,16295.605163574219,176209.388671875,148773.42254638672,1880.3591918945313,17024311296,2550136832,8138457088,0
200,1742933140161,2801,2801,2801,2801,2801,2801,2801,2801,0.8115005493164063,0.18194580078125,3.6546249389648438,0.11102294921875,0.24973297119140625,0.03311920166015625,0.8989639282226563,0.0284881591796875,16295.709777832031,176209.5571899414,148773.54516601563,1880.3591918945313,17024311296,2550136832,8138113024,0
200,1742933140362,2801,2801,2801,2801,2801,2801,2801,2801,0.43152618408203125,0.2483367919921875,3.5894546508789063,0.0511474609375,0.2374267578125,0.6027603149414063,0.777923583984375,0.0867156982421875,16295.812927246094,176209.7105102539,148773.66497802734,1880.3591918945313,17024311296,2550136832,8137797632,0
200,1742933140563,2801,2801,2801,2801,2801,2801,2801,2801,0.909515380859375,0.274932861328125,1.4482192993164063,0.30078125,2.6326065063476563,1.7840118408203125,1.4490127563476563,2.2949752807617188,16295.923828125,176210,148773.87536621094,1880.3634033203125,17024311296,2550136832,8135794688,0
200,1742933140764,2801,2801,2801,2801,2801,2801,2801,2801,0.236236572265625,0.2161102294921875,1.364013671875,0.5099716186523438,2.5178909301757813,0.105438232421875,0.7578659057617188,1.19207763671875,16296.028625488281,176210.22229003906,148774.01416015625,1880.3634033203125,17024311296,2550136832,8138174464,0
200,1742933140964,2801,2801,2801,2801,2801,2801,2801,2801,2.855377197265625,0.1628875732421875,1.2205276489257813,3.3983001708984375,0.19203948974609375,0.777313232421875,0.8159255981445313,0.2692718505859375,16296.133178710938,176210.46942138672,148774.21588134766,1880.3660888671875,17024311296,2550136832,8137859072,0
200,1742933141165,2801,2801,2801,2801,2801,2801,2801,2801,0.9477310180664063,0.322601318359375,3.5011825561523438,0.19599151611328125,0.2775726318359375,0.244903564453125,0.9682464599609375,0.445220947265625,16296.240539550781,176210.68103027344,148774.35943603516,1880.3681030273438,17024311296,2550136832,8137564160,0
200,1742933141366,2801,2801,2801,2801,2801,2801,2801,2801,1.1185379028320313,0.20610809326171875,1.248687744140625,0.03516387939453125,2.5949020385742188,0.13169097900390625,1.4412918090820313,0.106689453125,16296.344055175781,176210.8419189453,148774.48541259766,1880.3681030273438,17024311296,2550136832,8137248768,0
200,1742933141566,2801,2801,2801,2801,2801,2801,2801,2801,0.3081512451171875,2.520294189453125,1.2943191528320313,0.13069915771484375,0.25197601318359375,0.4324188232421875,0.808807373046875,0.4509124755859375,16296.450988769531,176211.03778076172,148774.61737060547,1880.3729248046875,17024311296,2550136832,8136790016,0
200,1742933141767,2801,2801,2801,2801,2801,2801,2801,2801,5.670234680175781,8.204475402832031,46.469482421875,5.3733978271484375,38.66682052612305,5.7523193359375,13.09063720703125,5.603904724121094,16296.636413574219,176213.16528320313,148776.58087158203,1880.3729248046875,17024311296,2550136832,7958470656,0
200,1742933141968,2801,2801,2801,2801,2801,2801,2801,2801,7.428009033203125,14.851036071777344,97.6148910522461,1.2120208740234375,21.092300415039063,0.9381942749023438,36.9924430847168,2.1043472290039063,16296.946960449219,176215.97680664063,148779.14678955078,1880.3729248046875,17024311296,2550136832,7234625536,0
200,1742933142168,2801,2801,2801,2801,2801,2801,2801,2801,10.36700439453125,0.3434295654296875,31.823387145996094,0.348358154296875,0.8657150268554688,0.6201629638671875,1.5721893310546875,0.68560791015625,16297.114135742188,176217.03887939453,148780.01135253906,1880.3768310546875,17024311296,2550136832,7029616640,0
200,1742933142369,2801,2801,2801,2801,2801,2801,2801,2801,0.47693634033203125,52.4564323425293,3.041656494140625,2.5578842163085938,0.25055694580078125,0.00553131103515625,0.9372787475585938,0.036590576171875,16297.310607910156,176218.29943847656,148781.12701416016,1880.3768310546875,17024311296,2550136832,7029350400,0
200,1742933142569,2801,2801,2801,2801,2801,2801,2801,2801,3.6615447998046875,64.74774169921875,42.39347457885742,16.766250610351563,6.526512145996094,4.766502380371094,17.595298767089844,3.975311279296875,16297.601013183594,176220.57843017578,148783.16510009766,1880.3821411132813,17024311296,2550136832,6496477184,0
200,1742933142770,2801,2801,2801,2801,2801,2801,2801,2801,0.24391937255859375,2.5021896362304688,1.482086181640625,0.16312408447265625,0.29462432861328125,0.23430633544921875,0.8122940063476563,0.07715606689453125,16297.706359863281,176220.7474975586,148783.27850341797,1880.3821411132813,17024311296,2550136832,6496399360,0
200,1742933142971,2801,2801,2801,2801,2801,2801,2801,2801,0.6594161987304688,0.12059783935546875,1.2282257080078125,0.1019134521484375,2.7054672241210938,0.447662353515625,0.6558303833007813,0.22550201416015625,16297.8095703125,176220.89385986328,148783.39135742188,1880.3821411132813,17024311296,2550136832,6496083968,0
200,1742933143172,2801,2801,2801,2801,2801,2801,2801,2801,3.8939208984375,2.5176162719726563,6.437347412109375,3.3341522216796875,3.748565673828125,2.7219619750976563,6.611297607421875,3.5450210571289063,16297.924682617188,176221.3744506836,148783.78997802734,1880.3875732421875,17024311296,2550136832,6494887936,0
200,1742933143372,2801,2801,2801,2801,2801,2801,2801,2801,0.5954132080078125,0.35309600830078125,1.3981246948242188,0.0768890380859375,2.450225830078125,0.12148284912109375,1.1078643798828125,0.16175079345703125,16298.028381347656,176221.58233642578,148783.91595458984,1880.3875732421875,17024311296,2550136832,6494416896,0
200,1742933143573,2801,2801,2801,2801,2801,2801,2801,2801,0.11367034912109375,0.24092864990234375,3.49981689453125,0.04383087158203125,0.24954986572265625,0.0358123779296875,0.7187652587890625,0.0272979736328125,16298.131103515625,176221.7188720703,148784.01904296875,1880.3875732421875,17024311296,2550136832,6494072832,0
200,1742933143774,2801,2801,2801,2801,2801,2801,2801,2801,0.3504180908203125,0.3330841064453125,1.2273406982421875,0.116607666015625,2.66796875,0.35729217529296875,0.8418502807617188,0.42906951904296875,16298.239013671875,176221.9320678711,148784.15423583984,1880.3927612304688,17024311296,2550136832,6495326208,0
200,1742933143974,2801,2801,2801,2801,2801,2801,2801,2801,0.8972625732421875,2.7550430297851563,1.6680908203125,0.3076019287109375,0.5464630126953125,0.439910888671875,1.0216445922851563,0.04523468017578125,16298.343139648438,176222.18731689453,148784.32202148438,1880.3927612304688,17024311296,2550136832,6495014912,0
200,1742933144175,2801,2801,2801,2801,2801,2801,2801,2801,0.9431838989257813,0.28356170654296875,3.7774810791015625,0.0549774169921875,0.281463623046875,0.46982574462890625,0.9450836181640625,0.47027587890625,16298.450012207031,176222.38061523438,148784.46087646484,1880.3983154296875,17024311296,2550136832,6494670848,0
200,1742933144376,2801,2801,2801,2801,2801,2801,2801,2801,3.9043045043945313,0.42279815673828125,1.3695068359375,0.09882354736328125,0.6436614990234375,0.15740203857421875,0.8571014404296875,0.216278076171875,16298.5556640625,176222.62768554688,148784.6026611328,1880.3983154296875,17024311296,2550136832,6494359552,0
200,1742933144577,2801,2801,2801,2801,2801,2801,2801,2801,0.08065032958984375,0.193023681640625,1.164886474609375,2.4566421508789063,0.22396087646484375,0.07202911376953125,0.7131271362304688,0.6006011962890625,16298.659057617188,176222.7709350586,148784.71411132813,1880.3983154296875,17024311296,2550136832,6494048256,0
200,1742933144777,2801,2801,2801,2801,2801,2801,2801,2801,0.40061187744140625,0.2483978271484375,3.648712158203125,0.2314605712890625,0.33446502685546875,0.32749176025390625,0.890289306640625,0.38780975341796875,16298.768371582031,176223.0238647461,148784.8550415039,1880.4033203125,17024311296,2550136832,6495186944,0
200,1742933144978,2801,2801,2801,2801,2801,2801,2801,2801,0.7030487060546875,0.0676422119140625,3.631256103515625,0.11237335205078125,0.31212615966796875,0.1785736083984375,1.0820693969726563,0.26052093505859375,16298.871643066406,176223.17932128906,148784.9730834961,1880.4033203125,17024311296,2550136832,6494875648,0
200,1742933145179,2801,2801,2801,2801,2801,2801,2801,2801,0.1714630126953125,0.080596923828125,1.1808090209960938,0.19243621826171875,0.25067138671875,2.4808349609375,1.3721542358398438,0.1076507568359375,16298.975402832031,176223.3286743164,148785.08953857422,1880.4033203125,17024311296,2550136832,6494584832,0
200,1742933145380,2801,2801,2801,2801,2801,2801,2801,2801,0.691558837890625,0.233673095703125,3.6948013305664063,0.06829071044921875,0.335296630859375,0.8819961547851563,0.933502197265625,0.49080657958984375,16299.083251953125,176223.5574951172,148785.24005126953,1880.40869140625,17024311296,2550136832,6494273536,0
200,1742933145580,2801,2801,2801,2801,2801,2801,2801,2801,0.15999603271484375,0.24497222900390625,1.2206268310546875,0.17822265625,2.483551025390625,0.08975982666015625,0.8398208618164063,1.16802978515625,16299.18701171875,176223.7176513672,148785.36657714844,1880.40869140625,17024311296,2550136832,6493962240,0
200,1742933145781,2801,2801,2801,2801,2801,2801,2801,2801,0.41841888427734375,0.529022216796875,3.5514297485351563,0.1309814453125,0.32242584228515625,0.33753204345703125,0.9162445068359375,1.6724472045898438,16299.295166015625,176223.94207763672,148785.52282714844,1880.41259765625,17024311296,2550136832,6495207424,0
200,1742933145982,2801,2801,2801,2801,2801,2801,2801,2801,0.6785430908203125,0.12891387939453125,1.2302627563476563,0.141815185546875,2.6340255737304688,0.04931640625,1.0938796997070313,0.01912689208984375,16299.398681640625,176224.09887695313,148785.63763427734,1880.41259765625,17024311296,2550136832,6494896128,0
200,1742933146183,2801,2801,2801,2801,2801,2801,2801,2801,0.158599853515625,0.2740631103515625,1.472564697265625,2.5263214111328125,0.23077392578125,0.0335693359375,1.485870361328125,0.05005645751953125,16299.502563476563,176224.29760742188,148785.75811767578,1880.41259765625,17024311296,2550136832,6494584832,0
200,1742933146383,2801,2801,2801,2801,2801,2801,2801,2801,0.6422500610351563,0.29793548583984375,3.699859619140625,0.6398544311523438,0.4442901611328125,0.31566619873046875,0.8544998168945313,0.5496444702148438,16299.610412597656,176224.52099609375,148785.90887451172,1880.417724609375,17024311296,2550136832,6494253056,0
200,1742933146584,2801,2801,2801,2801,2801,2801,2801,2801,2.5015945434570313,0.17961883544921875,1.746551513671875,0.08069610595703125,0.2350616455078125,0.0751190185546875,0.7830886840820313,0.0384521484375,16299.713928222656,176224.66973876953,148786.02154541016,1880.417724609375,17024311296,2550136832,6493941760,0
200,1742933146785,2801,2801,2801,2801,2801,2801,2801,2801,0.262298583984375,0.31157684326171875,3.8000869750976563,0.03427886962890625,0.2535247802734375,0.29204559326171875,0.7386550903320313,0.085205078125,16299.817932128906,176224.8292236328,148786.14056396484,1880.4205932617188,17024311296,2550136832,6495129600,0
200,1742933146985,2801,2801,2801,2801,2801,2801,2801,2801,0.7444229125976563,0.26932525634765625,3.722808837890625,0.076904296875,0.3255615234375,0.13628387451171875,1.1959075927734375,0.6421585083007813,16299.924926757813,176225.02459716797,148786.2684326172,1880.422119140625,17024311296,2550136832,6494818304,0
200,1742933147186,2801,2801,2801,2801,2801,2801,2801,2801,2.4649887084960938,0.15276336669921875,1.214691162109375,0.128204345703125,0.241668701171875,0.066497802734375,1.4334945678710938,0.08602142333984375,16300.028442382813,176225.17321777344,148786.38482666016,1880.422119140625,17024311296,2550136832,6494507008,0
200,1742933147387,2801,2801,2801,2801,2801,2801,2801,2801,1.1740188598632813,0.19647216796875,1.69500732421875,0.0791473388671875,2.671905517578125,0.9427032470703125,0.8274154663085938,0.4963226318359375,16300.135437011719,176225.39282226563,148786.54040527344,1880.4266357421875,17024311296,2550136832,6494195712,0
200,1742933147588,2801,2801,2801,2801,2801,2801,2801,2801,0.27101898193359375,2.3963699340820313,1.2865447998046875,0.2218017578125,0.21543121337890625,0.04193878173828125,0.7336502075195313,0.04926300048828125,16300.239685058594,176225.60028076172,148786.65197753906,1880.4266357421875,17024311296,2550136832,6493863936,0
200,1742933147788,2801,2801,2801,2801,2801,2801,2801,2801,0.1477813720703125,0.107086181640625,1.1909637451171875,0.175872802734375,2.5060577392578125,0.0229644775390625,0.6624526977539063,0.01947784423828125,16300.342224121094,176225.73217773438,148786.7529296875,1880.4266357421875,17024311296,2550136832,6495109120,0
200,1742933147989,2801,2801,2801,2801,2801,2801,2801,2801,0.9437103271484375,1.2018966674804688,1.3242645263671875,10.036125183105469,11.270088195800781,0.905364990234375,3.1660003662109375,0.42144012451171875,16300.452697753906,176226.4130859375,148787.33227539063,1880.4310913085938,17024311296,2550136832,6494797824,0
200,1742933148190,2801,2801,2801,2801,2801,2801,2801,2801,2.561309814453125,0.19989013671875,1.4056549072265625,3.0075607299804688,3.14483642578125,0.1567535400390625,1.50103759765625,0.07466888427734375,16300.556762695313,176226.69036865234,148787.5625,1880.4310913085938,17024311296,2550136832,6494507008,0
200,1742933148390,2801,2801,2801,2801,2801,2801,2801,2801,3.2130661010742188,0.23804473876953125,1.2260971069335938,0.13387298583984375,0.32616424560546875,0.7357101440429688,0.8354415893554688,0.5217361450195313,16300.662414550781,176226.88299560547,148787.70208740234,1880.4352416992188,17024311296,2550136832,6494195712,0
200,1742933148591,2801,2801,2801,2801,2801,2801,2801,2801,2.56671142578125,0.196746826171875,1.2428131103515625,0.09588623046875,0.20611572265625,0.14121246337890625,0.6284027099609375,0.6707382202148438,16300.767883300781,176227.05377197266,148787.81744384766,1880.4352416992188,17024311296,2550136832,6493884416,0
200,1742933148792,2801,2801,2801,2801,2801,2801,2801,2801,0.14051055908203125,2.5306396484375,1.4048080444335938,0.22277069091796875,0.26343536376953125,0.05376434326171875,0.6922378540039063,0.04380035400390625,16300.871276855469,176227.21392822266,148787.92553710938,1880.4352416992188,17024311296,2550136832,6495019008,0
200,1742933148992,2801,2801,2801,2801,2801,2801,2801,2801,0.8185577392578125,0.1590728759765625,1.2119827270507813,0.1796112060546875,2.6771621704101563,0.3177032470703125,1.2756423950195313,0.6465225219726563,16300.978637695313,176227.44927978516,148788.0682373047,1880.43994140625,17024311296,2550136832,6494707712,0
200,1742933149193,2801,2801,2801,2801,2801,2801,2801,2801,0.49680328369140625,0.03437042236328125,1.2343673706054688,0.0333251953125,3.5501632690429688,0.09075927734375,2.3082733154296875,0.11676788330078125,16301.083679199219,176227.64849853516,148788.2218017578,1880.43994140625,17024311296,2550136832,6494416896,0
200,1742933149394,2801,2801,2801,2801,2801,2801,2801,2801,0.633270263671875,2.5552597045898438,1.2631607055664063,0.14565277099609375,0.26819610595703125,0.38226318359375,1.0178298950195313,0.15526580810546875,16301.18701171875,176227.84747314453,148788.34344482422,1880.43994140625,17024311296,2550136832,6494105600,0
200,1742933149595,2801,2801,2801,2801,2801,2801,2801,2801,2.65289306640625,0.1788177490234375,1.2602005004882813,0.088714599609375,0.224945068359375,0.42458343505859375,0.8001022338867188,0.5309295654296875,16301.294555664063,176228.05633544922,148788.47705078125,1880.4449462890625,17024311296,2550136832,6493794304,0
200,1742933149795,2801,2801,2801,2801,2801,2801,2801,2801,0.0442352294921875,2.6718597412109375,1.1993942260742188,0.05918121337890625,0.28881072998046875,0.12772369384765625,0.7060928344726563,0.04627227783203125,16301.397705078125,176228.19891357422,148788.58654785156,1880.4449462890625,17024311296,2550136832,6494982144,0
200,1742933149996,2801,2801,2801,2801,2801,2801,2801,2801,0.8111495971679688,0.20578765869140625,1.2533798217773438,2.533233642578125,0.28638458251953125,0.7291641235351563,0.7493972778320313,0.40505218505859375,16301.503662109375,176228.38623046875,148788.72100830078,1880.44921875,17024311296,2550136832,6494670848,0
200,1742933150197,2801,2801,2801,2801,2801,2801,2801,2801,1.8456573486328125,0.39257049560546875,1.9963531494140625,0.16300201416015625,1.14019775390625,3.1450653076171875,1.6114501953125,0.15338134765625,16301.610534667969,176228.73400878906,148788.9662475586,1880.44921875,17024311296,2550136832,6494334976,0
200,1742933150398,2801,2801,2801,2801,2801,2801,2801,2801,1.1352386474609375,0.184539794921875,3.62054443359375,0.0938873291015625,0.17711639404296875,0.5217437744140625,1.1424636840820313,0.075408935546875,16301.7138671875,176228.91064453125,148789.09503173828,1880.44921875,17024311296,2550136832,6494052352,0
200,1742933150598,2801,2801,2801,2801,2801,2801,2801,2801,0.431884765625,0.14670562744140625,3.521392822265625,0.265594482421875,0.24427032470703125,0.504638671875,0.807159423828125,2.1648025512695313,16301.822570800781,176229.14624023438,148789.25756835938,1880.4541625976563,17024311296,2550136832,6493769728,0
200,1742933150799,2801,2801,2801,2801,2801,2801,2801,2801,0.1650848388671875,0.33689117431640625,1.2074966430664063,0.09674072265625,2.4909591674804688,0.0767669677734375,0.643798828125,1.2127761840820313,16301.926452636719,176229.3172607422,148789.38848876953,1880.4541625976563,17024311296,2550136832,6494937088,0
200,1742933151000,2801,2801,2801,2801,2801,2801,2801,2801,0.62176513671875,0.15860748291015625,1.2753143310546875,0.09130859375,2.7210845947265625,0.45290374755859375,0.7338485717773438,0.22490692138671875,16302.029663085938,176229.4598388672,148789.49768066406,1880.4541625976563,17024311296,2550136832,6494625792,0
200,1742933151200,2801,2801,2801,2801,2801,2801,2801,2801,1.2685165405273438,2.8349075317382813,1.4571075439453125,0.1565093994140625,0.37274169921875,0.4064178466796875,2.121002197265625,2.853240966796875,16302.142517089844,176229.7642211914,148789.7201538086,1880.4583129882813,17024311296,2550136832,6494019584,0
200,1742933151401,2801,2801,2801,2801,2801,2801,2801,2801,2.7125091552734375,1.7902755737304688,9.000198364257813,4.2695770263671875,8.082893371582031,5.643745422363281,11.097854614257813,1.5053634643554688,16302.263488769531,176230.59967041016,148790.47619628906,1880.4583129882813,17024311296,2550136832,6491123712,0
200,1742933151602,2801,2801,2801,2801,2801,2801,2801,2801,0.49481201171875,0.1762542724609375,1.2334671020507813,2.4516754150390625,0.313323974609375,0.37508392333984375,0.9593658447265625,0.47821044921875,16302.371032714844,176230.8403930664,148790.6134033203,1880.46337890625,17024311296,2550136832,6490791936,0
200,1742933151803,2801,2801,2801,2801,2801,2801,2801,2801,1.0570755004882813,3.3654556274414063,1.7518692016601563,0.0841827392578125,0.906646728515625,0.037109375,1.1907272338867188,1.2570266723632813,16302.479125976563,176231.08770751953,148790.8057861328,1880.46337890625,17024311296,2550136832,6494834688,0
200,1742933152003,2801,2801,2801,2801,2801,2801,2801,2801,0.6112442016601563,0.348785400390625,3.5860824584960938,0.508880615234375,0.4534912109375,0.12248992919921875,1.056121826171875,0.4194183349609375,16302.58349609375,176231.25415039063,148790.9380493164,1880.46337890625,17024311296,2550136832,6493642752,0
200,1742933152204,2801,2801,2801,2801,2801,2801,2801,2801,0.3398284912109375,0.123931884765625,3.5915908813476563,0.14884185791015625,0.35108184814453125,0.48996734619140625,1.553375244140625,0.3826141357421875,16302.691589355469,176231.47332763672,148791.083984375,1880.46875,17024311296,2550136832,6493343744,0
200,1742933152405,2801,2801,2801,2801,2801,2801,2801,2801,0.6765670776367188,0.6025009155273438,3.1486282348632813,0.14276885986328125,2.5174407958984375,0.10291290283203125,1.1225051879882813,0.1844635009765625,16302.799743652344,176231.68298339844,148791.2494506836,1880.46875,17024311296,2550136832,6494855168,0
200,1742933152606,2801,2801,2801,2801,2801,2801,2801,2801,0.02306365966796875,2.5344085693359375,1.1915130615234375,0.1115875244140625,0.2454376220703125,0.039154052734375,0.6325454711914063,0.5802383422851563,16302.903137207031,176231.82055664063,148791.3553466797,1880.46875,17024311296,2550136832,6494543872,0
200,1742933152806,2801,2801,2801,2801,2801,2801,2801,2801,0.38702392578125,2.6035690307617188,1.2632827758789063,0.12651824951171875,0.2870025634765625,0.42064666748046875,0.7648849487304688,0.5196685791015625,16303.010803222656,176232.03100585938,148791.48907470703,1880.4732055664063,17024311296,2550136832,6494855168,0
200,1742933153007,2801,2801,2801,2801,2801,2801,2801,2801,0.68121337890625,0.123687744140625,3.6734619140625,0.06311798095703125,0.280059814453125,0.09549713134765625,1.0561676025390625,0.27228546142578125,16303.114318847656,176232.25811767578,148791.60443115234,1880.4732055664063,17024311296,2550136832,6494523392,0
200,1742933153208,2801,2801,2801,2801,2801,2801,2801,2801,0.345062255859375,0.11882781982421875,1.3369827270507813,0.1110992431640625,2.6837310791015625,0.42864990234375,1.519805908203125,0.5114898681640625,16303.221557617188,176232.46307373047,148791.74688720703,1880.4785766601563,17024311296,2550136832,6494261248,0
200,1742933153408,2801,2801,2801,2801,2801,2801,2801,2801,1.0283355712890625,0.20143890380859375,1.2711715698242188,0.1022186279296875,2.509857177734375,1.0069656372070313,0.6970291137695313,0.089111328125,16303.325805664063,176232.63818359375,148791.8745727539,1880.4785766601563,17024311296,2550136832,6493949952,0
200,1742933153609,2801,2801,2801,2801,2801,2801,2801,2801,0.08927154541015625,2.5444183349609375,1.2289962768554688,0.08777618408203125,0.24529266357421875,0.135650634765625,0.7775192260742188,0.0327301025390625,16303.428771972656,176232.77368164063,148791.9786376953,1880.4785766601563,17024311296,2550136832,6493638656,0
200,1742933153810,2801,2801,2801,2801,2801,2801,2801,2801,0.3774261474609375,0.28353118896484375,1.1934967041015625,0.23809814453125,2.5497283935546875,0.33159637451171875,0.6935348510742188,0.5470352172851563,16303.536193847656,176232.97692871094,148792.10931396484,1880.4835205078125,17024311296,2550136832,6494855168,0
200,1742933154011,2801,2801,2801,2801,2801,2801,2801,2801,0.5899734497070313,2.7953643798828125,1.263885498046875,0.13269805908203125,0.1638336181640625,0.47505950927734375,0.6664886474609375,0.02928924560546875,16303.63916015625,176233.13012695313,148792.2264404297,1880.4835205078125,17024311296,2550136832,6494543872,0
200,1742933154211,2801,2801,2801,2801,2801,2801,2801,2801,0.10186004638671875,0.1808013916015625,1.3514556884765625,2.5273971557617188,0.17302703857421875,0.27254486083984375,0.8960723876953125,0.8101577758789063,16303.743408203125,176233.29376220703,148792.35119628906,1880.4861450195313,17024311296,2550136832,6494216192,0
200,1742933154412,2801,2801,2801,2801,2801,2801,2801,2801,0.8017120361328125,0.37445068359375,1.4082489013671875,0.1331024169921875,0.41295623779296875,0.6232223510742188,3.1197586059570313,0.5823745727539063,16303.852661132813,176233.56512451172,148792.49853515625,1880.4881591796875,17024311296,2550136832,6493884416,0
200,1742933154613,2801,2801,2801,2801,2801,2801,2801,2801,0.09136199951171875,2.361175537109375,1.4907608032226563,0.08513641357421875,0.211761474609375,0.08478546142578125,0.6892852783203125,0.6306533813476563,16303.955993652344,176233.70458984375,148792.6058959961,1880.4881591796875,17024311296,2550136832,6493601792,0
200,1742933154813,2801,2801,2801,2801,2801,2801,2801,2801,0.23413848876953125,2.6391983032226563,1.233612060546875,0.14112091064453125,0.322021484375,0.29146575927734375,0.8056106567382813,0.5327377319335938,16304.06298828125,176233.90771484375,148792.7426147461,1880.4928588867188,17024311296,2550136832,6494806016,0
200,1742933155014,2801,2801,2801,2801,2801,2801,2801,2801,0.591522216796875,0.175140380859375,1.252838134765625,0.1074981689453125,2.8115692138671875,0.44049072265625,0.690948486328125,0.25315093994140625,16304.166748046875,176234.0711669922,148792.86358642578,1880.4928588867188,17024311296,2550136832,6494523392,0
200,1742933155215,2801,2801,2801,2801,2801,2801,2801,2801,0.7892532348632813,0.15631866455078125,3.6879196166992188,0.0878753662109375,0.21186065673828125,0.03791046142578125,0.78033447265625,0.029144287109375,16304.2705078125,176234.21899414063,148792.9789428711,1880.4928588867188,17024311296,2550136832,6494232576,0
200,1742933155416,2801,2801,2801,2801,2801,2801,2801,2801,0.8375015258789063,2.598541259765625,1.2498550415039063,0.073822021484375,0.3711090087890625,0.34545135498046875,1.2254486083984375,0.545501708984375,16304.378112792969,176234.4423828125,148793.12689208984,1880.4971923828125,17024311296,2550136832,6493921280,0
200,1742933155616,2801,2801,2801,2801,2801,2801,2801,2801,1.2080841064453125,0.24352264404296875,3.6928253173828125,0.069915771484375,0.323699951171875,0.0527191162109375,0.7591629028320313,0.09702301025390625,16304.482177734375,176234.62530517578,148793.25366210938,1880.4971923828125,17024311296,2550136832,6493589504,0
200,1742933155817,2801,2801,2801,2801,2801,2801,2801,2801,1.4318466186523438,0.3973236083984375,1.2286529541015625,0.09932708740234375,2.7442245483398438,0.15265655517578125,0.8774795532226563,0.39862060546875,16304.588256835938,176234.8599243164,148793.4037475586,1880.502197265625,17024311296,2550136832,6494806016,0
200,1742933156018,2801,2801,2801,2801,2801,2801,2801,2801,0.740020751953125,2.77520751953125,1.2328033447265625,0.1620025634765625,0.3231048583984375,0.47270965576171875,0.9478530883789063,0.11562347412109375,16304.693664550781,176235.04541015625,148793.53118896484,1880.502197265625,17024311296,2550136832,6494494720,0
200,1742933156219,2801,2801,2801,2801,2801,2801,2801,2801,0.104461669921875,0.098876953125,3.7508773803710938,0.07501983642578125,0.1566162109375,0.09853363037109375,1.3461990356445313,0.0297393798828125,16304.797058105469,176235.19158935547,148793.6449584961,1880.502197265625,17024311296,2550136832,6494203904,0
200,1742933156419,2801,2801,2801,2801,2801,2801,2801,2801,1.705810546875,0.19078826904296875,1.2412643432617188,0.12885284423828125,2.5973892211914063,0.51507568359375,1.253173828125,0.6205062866210938,16304.905151367188,176235.43731689453,148793.81646728516,1880.5072631835938,17024311296,2550136832,6493892608,0
200,1742933156620,2801,2801,2801,2801,2801,2801,2801,2801,0.06485748291015625,0.1759490966796875,1.1985015869140625,0.10227203369140625,2.5589447021484375,0.06769561767578125,0.68017578125,0.6090850830078125,16305.008728027344,176235.58325195313,148793.92443847656,1880.5072631835938,17024311296,2550136832,6493638656,0
200,1742933156821,2801,2801,2801,2801,2801,2801,2801,2801,0.4201202392578125,2.5815505981445313,1.2134933471679688,0.26300811767578125,0.09011077880859375,0.0866241455078125,0.68896484375,0.09932708740234375,16305.112060546875,176235.7244873047,148794.03393554688,1880.5072631835938,17024311296,2550136832,6494777344,0
200,1742933157021,2801,2801,2801,2801,2801,2801,2801,2801,7.24554443359375,0.39304351806640625,1.2742385864257813,0.6757431030273438,2.7563705444335938,0.29522705078125,1.5119781494140625,0.7215042114257813,16305.2275390625,176236.14770507813,148794.32592773438,1880.5120849609375,17024311296,2550136832,6494453760,0
200,1742933157222,2801,2801,2801,2801,2801,2801,2801,2801,2.24774169921875,2.8987960815429688,1.32916259765625,0.1697235107421875,0.2876434326171875,0.0652618408203125,0.8418045043945313,0.06465911865234375,16305.332946777344,176236.34436035156,148794.47607421875,1880.5120849609375,17024311296,2550136832,6494318592,0
200,1742933157422,2801,2801,2801,2801,2801,2801,2801,2801,0.6502227783203125,0.2308807373046875,1.2744827270507813,0.0880279541015625,2.605987548828125,0.27623748779296875,0.8764724731445313,1.0344772338867188,16305.439086914063,176236.54522705078,148794.6219482422,1880.5173950195313,17024311296,2550136832,6493995008,0
200,1742933157623,2801,2801,2801,2801,2801,2801,2801,2801,2.5060043334960938,0.1077423095703125,1.2158432006835938,0.13214874267578125,0.199493408203125,0.07785797119140625,0.6996002197265625,0.126922607421875,16305.543334960938,176236.70678710938,148794.73309326172,1880.5173950195313,17024311296,2550136832,6493683712,0
200,1742933157824,2801,2801,2801,2801,2801,2801,2801,2801,0.113372802734375,0.2755126953125,3.5655059814453125,0.061767578125,0.18231201171875,0.05434417724609375,0.649658203125,0.20233917236328125,16305.646545410156,176236.85028076172,148794.84411621094,1880.5173950195313,17024311296,2550136832,6494900224,0
200,1742933158025,2801,2801,2801,2801,2801,2801,2801,2801,1.1911849975585938,0.22779083251953125,1.30914306640625,0.150482177734375,2.6579818725585938,0.33502960205078125,0.8898773193359375,0.45074462890625,16305.754272460938,176237.06719970703,148794.9881591797,1880.5219116210938,17024311296,2550136832,6494572544,0
200,1742933158225,2801,2801,2801,2801,2801,2801,2801,2801,2.7810592651367188,0.155120849609375,1.419769287109375,0.10271453857421875,0.5087890625,0.1154632568359375,1.4685897827148438,0.022216796875,16305.859069824219,176237.23272705078,148795.11407470703,1880.5219116210938,17024311296,2550136832,6494261248,0
200,1742933158426,2801,2801,2801,2801,2801,2801,2801,2801,0.7008514404296875,0.37989044189453125,1.3781890869140625,0.119110107421875,2.5098342895507813,0.10211944580078125,1.1926727294921875,0.09195709228515625,16305.962646484375,176237.4287109375,148795.2322998047,1880.5219116210938,17024311296,2550136832,6493794304,0
200,1742933158627,2801,2801,2801,2801,2801,2801,2801,2801,0.24756622314453125,2.2856597900390625,1.27398681640625,0.0531463623046875,0.5440444946289063,0.29443359375,0.840576171875,1.0407638549804688,16306.070617675781,176237.64337158203,148795.37084960938,1880.5264282226563,17024311296,2550136832,6493483008,0
200,1742933158828,2801,2801,2801,2801,2801,2801,2801,2801,0.07147979736328125,0.35997772216796875,1.241851806640625,0.04412841796875,0.1383209228515625,0.0325775146484375,2.9967422485351563,0.02519989013671875,16306.173461914063,176237.7823486328,148795.47790527344,1880.5264282226563,17024311296,2550136832,6494756864,0
200,1742933159028,2801,2801,2801,2801,2801,2801,2801,2801,0.8717498779296875,0.37506866455078125,1.2644119262695313,0.08522796630859375,2.6425704956054688,0.2205047607421875,1.0999298095703125,0.669891357421875,16306.280578613281,176237.98498535156,148795.6148071289,1880.531005859375,17024311296,2550136832,6494445568,0
200,1742933159229,2801,2801,2801,2801,2801,2801,2801,2801,0.130157470703125,2.6291732788085938,1.2700271606445313,0.17962646484375,0.21265411376953125,0.19481658935546875,1.4967269897460938,0.02166748046875,16306.384948730469,176238.14697265625,148795.73303222656,1880.531005859375,17024311296,2550136832,6494154752,0
200,1742933159430,2801,2801,2801,2801,2801,2801,2801,2801,1.1192474365234375,0.29027557373046875,1.3086471557617188,0.10964202880859375,2.9014892578125,0.12358856201171875,1.0774002075195313,0.1334075927734375,16306.488403320313,176238.314453125,148795.86499023438,1880.531005859375,17024311296,2550136832,6493843456,0
200,1742933159631,2801,2801,2801,2801,2801,2801,2801,2801,0.33319854736328125,0.2333221435546875,3.5756607055664063,0.05907440185546875,0.319549560546875,0.32268524169921875,0.8181228637695313,0.44184112548828125,16306.595764160156,176238.5161743164,148795.99517822266,1880.5350341796875,17024311296,2550136832,6493532160,0
200,1742933159831,2801,2801,2801,2801,2801,2801,2801,2801,2.52886962890625,0.26485443115234375,1.2289657592773438,0.0770111083984375,0.14211273193359375,0.12776947021484375,0.7718887329101563,0.05504608154296875,16306.69921875,176238.70709228516,148796.10314941406,1880.5350341796875,17024311296,2550136832,6494756864,0
200,1742933160032,2801,2801,2801,2801,2801,2801,2801,2801,5.281150817871094,3.1386947631835938,4.262123107910156,1.4544601440429688,14.644340515136719,1.30364990234375,5.475677490234375,1.8695449829101563,16306.837219238281,176239.32104492188,148796.6107788086,1880.5375366210938,17024311296,2550136832,6541889536,0
200,1742933160233,2801,2801,2801,2801,2801,2801,2801,2801,0.6589202880859375,3.2568435668945313,7.783164978027344,2.6387100219726563,91.77742004394531,0.19602203369140625,1.7652206420898438,2.3349990844726563,16307.016418457031,176241.9169921875,148798.9844970703,1880.5396118164063,17024311296,2550136832,6528778240,0
200,1742933160433,2801,2801,2801,2801,2801,2801,2801,2801,3.3273773193359375,2.6044769287109375,97.4030532836914,0.23732757568359375,1.6341781616210938,1.04193115234375,3.4818115234375,0.23728179931640625,16307.191711425781,176244.45373535156,148801.3380126953,1880.5396118164063,17024311296,2550136832,6496477184,0
200,1742933160634,2801,2801,2801,2801,2801,2801,2801,2801,3.9588699340820313,1.1279296875,23.76800537109375,0.9330673217773438,4.3480987548828125,0.6149520874023438,3.3545379638671875,9.006240844726563,16307.400817871094,176245.7608642578,148802.20666503906,1880.7822265625,17024311296,2550136832,6530912256,0
200,1742933160834,2801,2801,2801,2801,2801,2801,2801,2801,3.1277618408203125,3.140869140625,2.0294342041015625,1.267791748046875,1.2884750366210938,0.38373565673828125,1.2148590087890625,5.983879089355469,16307.586547851563,176246.52990722656,148802.58404541016,1881.0440673828125,17024311296,2550136832,6533120000,0
200,1742933161035,2801,2801,2801,2801,2801,2801,2801,2801,1.8794097900390625,0.6808624267578125,4.499839782714844,1.1532974243164063,1.4368362426757813,0.3941802978515625,1.3078994750976563,6.699371337890625,16307.77392578125,176247.28161621094,148802.93627929688,1881.3043212890625,17024311296,2550136832,6532067328,0
200,1742933161236,2801,2801,2801,2801,2801,2801,2801,2801,1.9248504638671875,0.8641815185546875,4.5405120849609375,0.6532821655273438,1.3210601806640625,0.5461883544921875,1.4937896728515625,6.349601745605469,16307.961547851563,176248.0792236328,148803.30169677734,1881.5637817382813,17024311296,2550136832,6532472832,0
200,1742933161436,2801,2801,2801,2801,2801,2801,2801,2801,1.64337158203125,3.5845413208007813,1.5549163818359375,0.768463134765625,1.2126693725585938,0.9097366333007813,1.1664276123046875,6.1641693115234375,16308.147277832031,176248.8247680664,148803.65490722656,1881.8218383789063,17024311296,2550136832,6532861952,0
200,1742933161637,2801,2801,2801,2801,2801,2801,2801,2801,1.8150482177734375,0.39664459228515625,2.0886154174804688,0.3671417236328125,5.0540771484375,0.224334716796875,1.9557647705078125,2.457855224609375,16308.277526855469,176249.27459716797,148803.9418334961,1881.885498046875,17024311296,2550136832,6516187136,0
200,1742933161838,2801,2801,2801,2801,2801,2801,2801,2801,2.7481155395507813,1.9723892211914063,1.2713394165039063,0.12239837646484375,0.19188690185546875,0.13335418701171875,1.1580047607421875,0.1479034423828125,16308.38671875,176249.4906616211,148804.0972290039,1881.885498046875,17024311296,2550136832,6512697344,0
200,1742933162039,2801,2801,2801,2801,2801,2801,2801,2801,0.9426345825195313,0.1830291748046875,1.2379989624023438,0.1320648193359375,0.2620391845703125,0.4631500244140625,3.162384033203125,0.01908111572265625,16308.490417480469,176249.64630126953,148804.22003173828,1881.885498046875,17024311296,2550136832,6512386048,0
200,1742933162239,2801,2801,2801,2801,2801,2801,2801,2801,2.6373672485351563,0.2406768798828125,1.2331390380859375,0.0982513427734375,0.2775115966796875,0.36286163330078125,1.5048751831054688,0.42845916748046875,16308.599304199219,176249.85906982422,148804.35931396484,1881.8955688476563,17024311296,2550136832,6512074752,0
200,1742933162440,2801,2801,2801,2801,2801,2801,2801,2801,1.0185317993164063,0.5965118408203125,3.4862899780273438,0.14075469970703125,2.49725341796875,0.6702499389648438,0.825958251953125,0.18784332275390625,16308.708251953125,176250.09375,148804.53399658203,1881.8955688476563,17024311296,2550136832,6512676864,0
200,1742933162641,2801,2801,2801,2801,2801,2801,2801,2801,0.09314727783203125,2.3625411987304688,1.4889068603515625,0.07088470458984375,0.2007904052734375,0.08612060546875,0.7381973266601563,0.6778793334960938,16308.811828613281,176250.27734375,148804.65002441406,1881.8955688476563,17024311296,2550136832,6512316416,0
200,1742933162841,2801,2801,2801,2801,2801,2801,2801,2801,2.710662841796875,0.20508575439453125,1.2633743286132813,0.12288665771484375,0.1788787841796875,0.38172149658203125,0.7394866943359375,0.472137451171875,16308.919372558594,176250.48950195313,148804.7872314453,1881.8993530273438,17024311296,2550136832,6512599040,0
200,1742933163042,2801,2801,2801,2801,2801,2801,2801,2801,0.6436767578125,0.173248291015625,1.2288742065429688,0.09808349609375,2.8630142211914063,0.5920181274414063,2.1673355102539063,0.28372955322265625,16309.023132324219,176250.67443847656,148804.9360961914,1881.8993530273438,17024311296,2550136832,6512287744,0
200,1742933163243,2801,2801,2801,2801,2801,2801,2801,2801,0.29737091064453125,0.22953033447265625,1.2689208984375,2.6548233032226563,0.17380523681640625,1.0034027099609375,0.7831954956054688,0.5819778442382813,16309.129760742188,176250.85968017578,148805.06970214844,1881.9025268554688,17024311296,2550136832,6511996928,0
200,1742933163444,2801,2801,2801,2801,2801,2801,2801,2801,0.5150299072265625,2.595977783203125,1.2353973388671875,0.666168212890625,0.24314117431640625,0.134552001953125,0.7786483764648438,0.21804046630859375,16309.234680175781,176251.0343017578,148805.1915283203,1881.9025268554688,17024311296,2550136832,6511665152,0
200,1742933163644,2801,2801,2801,2801,2801,2801,2801,2801,0.12189483642578125,0.17608642578125,1.2091064453125,0.19815826416015625,2.489990234375,0.1201019287109375,0.6894073486328125,0.1246795654296875,16309.337524414063,176251.17449951172,148805.30017089844,1881.9025268554688,17024311296,2550136832,6511353856,0
200,1742933163845,2801,2801,2801,2801,2801,2801,2801,2801,0.702484130859375,2.7501373291015625,1.52593994140625,0.4365234375,0.24991607666015625,0.30104827880859375,0.7046279907226563,0.6537399291992188,16309.446411132813,176251.43243408203,148805.44958496094,1881.9067993164063,17024311296,2550136832,6512549888,0
200,1742933164046,2801,2801,2801,2801,2801,2801,2801,2801,3.0138702392578125,0.14516448974609375,1.2624053955078125,0.5241241455078125,0.1675872802734375,0.10959625244140625,0.6509552001953125,0.028045654296875,16309.550170898438,176251.59716796875,148805.56903076172,1881.9067993164063,17024311296,2550136832,6512238592,0
200,1742933164246,2801,2801,2801,2801,2801,2801,2801,2801,0.1081390380859375,0.16432952880859375,3.6009368896484375,0.07372283935546875,0.214385986328125,0.083282470703125,1.3692245483398438,0.0171356201171875,16309.653625488281,176251.74029541016,148805.68017578125,1881.9067993164063,17024311296,2550136832,6511947776,0
200,1742933164447,2801,2801,2801,2801,2801,2801,2801,2801,0.8434600830078125,2.5756149291992188,1.334381103515625,0.08438873291015625,0.2755279541015625,0.34850311279296875,1.2386398315429688,0.497100830078125,16309.761474609375,176251.96124267578,148805.82293701172,1881.9107666015625,17024311296,2550136832,6511636480,0
200,1742933164648,2801,2801,2801,2801,2801,2801,2801,2801,0.166229248046875,0.1276702880859375,3.7081832885742188,0.10854339599609375,0.18535614013671875,0.19626617431640625,0.7363433837890625,0.6315383911132813,16309.865539550781,176252.15252685547,148805.93438720703,1881.9107666015625,17024311296,2550136832,6511321088,0
200,1742933164849,2801,2801,2801,2801,2801,2801,2801,2801,0.2306365966796875,2.5979385375976563,1.2964019775390625,0.18936920166015625,0.2930450439453125,0.309844970703125,0.7462997436523438,0.5199432373046875,16309.972595214844,176252.34844970703,148806.06518554688,1881.9146118164063,17024311296,2550136832,6512418816,0
200,1742933165049,2801,2801,2801,2801,2801,2801,2801,2801,0.7847976684570313,0.16115570068359375,3.6463088989257813,0.1071014404296875,0.27014923095703125,0.04767608642578125,1.1476058959960938,0.30776214599609375,16310.076965332031,176252.56201171875,148806.18286132813,1881.9146118164063,17024311296,2550136832,6512140288,0
200,1742933165250,2801,2801,2801,2801,2801,2801,2801,2801,0.20014190673828125,0.13433837890625,2.0827713012695313,0.1375274658203125,0.2904052734375,2.4962081909179688,0.910308837890625,0.0508575439453125,16310.18115234375,176252.76977539063,148806.3120727539,1881.9146118164063,17024311296,2550136832,6511828992,0
200,1742933165451,2801,2801,2801,2801,2801,2801,2801,2801,3.7426300048828125,0.3719635009765625,1.3972549438476563,0.07253265380859375,0.42980194091796875,0.15955352783203125,1.7963180541992188,0.5058670043945313,16310.289123535156,176253.0072631836,148806.4751586914,1881.9189453125,17024311296,2550136832,6511538176,0
200,1742933165651,2801,2801,2801,2801,2801,2801,2801,2801,1.2541885375976563,0.1165771484375,3.6824569702148438,0.079559326171875,0.64654541015625,0.07527923583984375,1.5567855834960938,0.0586395263671875,16310.3935546875,176253.19274902344,148806.62091064453,1881.9189453125,17024311296,2550136832,6502944768,0
200,1742933165852,2801,2801,2801,2801,2801,2801,2801,2801,0.1887969970703125,0.7834701538085938,1.1672897338867188,0.08139801025390625,2.4520416259765625,0.0679473876953125,0.6495208740234375,1.240264892578125,16310.498168945313,176253.3651123047,148806.75860595703,1881.9189453125,17024311296,2550136832,6504140800,0
200,1742933166053,2801,2801,2801,2801,2801,2801,2801,2801,3.1367034912109375,0.191192626953125,1.3013916015625,0.13863372802734375,0.6618499755859375,0.40570068359375,0.7869415283203125,0.42458343505859375,16310.605773925781,176253.58575439453,148806.90228271484,1881.9236450195313,17024311296,2550136832,6503829504,0
200,1742933166254,2801,2801,2801,2801,2801,2801,2801,2801,0.0427398681640625,0.187957763671875,2.244293212890625,2.7296905517578125,0.22721099853515625,0.07342529296875,0.7420501708984375,0.0308837890625,16310.709167480469,176253.7378540039,148807.02178955078,1881.9236450195313,17024311296,2550136832,6503354368,0
200,1742933166454,2801,2801,2801,2801,2801,2801,2801,2801,3.0327529907226563,0.2455291748046875,1.2723159790039063,0.141510009765625,0.25943756103515625,0.3844451904296875,1.3342208862304688,0.5489349365234375,16310.816223144531,176253.94342041016,148807.16259765625,1881.9282836914063,17024311296,2550136832,6503043072,0
200,1742933166655,2801,2801,2801,2801,2801,2801,2801,2801,0.4394378662109375,2.5572280883789063,1.7587051391601563,0.05200958251953125,0.4256439208984375,0.07248687744140625,0.897857666015625,0.5993576049804688,16310.921203613281,176254.19299316406,148807.31280517578,1881.9282836914063,17024311296,2550136832,6502711296,0
200,1742933166856,2801,2801,2801,2801,2801,2801,2801,2801,0.3467559814453125,2.5641098022460938,1.2959060668945313,0.04547882080078125,0.19173431396484375,0.0702362060546875,0.6639175415039063,0.129364013671875,16311.024536132813,176254.3397216797,148807.42712402344,1881.9282836914063,17024311296,2550136832,6503956480,0
200,1742933167057,2801,2801,2801,2801,2801,2801,2801,2801,1.37615966796875,0.15467071533203125,1.122406005859375,2.6774978637695313,0.4145050048828125,0.36682891845703125,0.7984161376953125,0.5037155151367188,16311.13232421875,176254.5599975586,148807.57525634766,1881.9324340820313,17024311296,2550136832,6503673856,0
200,1742933167257,2801,2801,2801,2801,2801,2801,2801,2801,2.5133285522460938,0.10053253173828125,1.962493896484375,0.0553436279296875,0.0897674560546875,0.1168212890625,0.7673797607421875,0.10765838623046875,16311.236022949219,176254.70684814453,148807.685546875,1881.9324340820313,17024311296,2550136832,6503383040,0
200,1742933167458,2801,2801,2801,2801,2801,2801,2801,2801,0.6585769653320313,2.5099029541015625,1.2877426147460938,0.10221099853515625,0.11272430419921875,0.378448486328125,1.1438217163085938,0.12224578857421875,16311.340087890625,176254.87017822266,148807.80700683594,1881.9340209960938,17024311296,2550136832,6503071744,0
200,1742933167659,2801,2801,2801,2801,2801,2801,2801,2801,0.25698089599609375,0.43918609619140625,3.470428466796875,0.10485076904296875,0.19994354248046875,0.2312774658203125,1.040069580078125,0.43445587158203125,16311.447204589844,176255.0698852539,148807.9384765625,1881.9361572265625,17024311296,2550136832,6495571968,0
200,1742933167859,2801,2801,2801,2801,2801,2801,2801,2801,0.0853271484375,2.5467071533203125,1.1671295166015625,0.115966796875,0.13285064697265625,0.11551666259765625,0.687225341796875,0.1075439453125,16311.549987792969,176255.20556640625,148808.04290771484,1881.9361572265625,17024311296,2550136832,6495571968,0
200,1742933168060,2801,2801,2801,2801,2801,2801,2801,2801,0.742645263671875,0.564239501953125,3.7502212524414063,0.05821990966796875,0.291015625,0.35985565185546875,0.9847640991210938,0.42575836181640625,16311.657348632813,176255.47814941406,148808.193359375,1881.9406127929688,17024311296,2550136832,6495240192,0
200,1742933168261,2801,2801,2801,2801,2801,2801,2801,2801,0.11004638671875,0.1612091064453125,1.8703689575195313,0.0784149169921875,2.6266937255859375,0.12314605712890625,0.7462081909179688,0.06829833984375,16311.761413574219,176255.63262939453,148808.30596923828,1881.9406127929688,17024311296,2550136832,6494949376,0
200,1742933168462,2801,2801,2801,2801,2801,2801,2801,2801,1.1620330810546875,0.441558837890625,1.15167236328125,1.0323104858398438,2.514404296875,0.2115631103515625,0.8285675048828125,0.18306732177734375,16311.865295410156,176255.80883789063,148808.44659423828,1881.9406127929688,17024311296,2550136832,6494609408,0
200,1742933168662,2801,2801,2801,2801,2801,2801,2801,2801,0.21540069580078125,2.5985565185546875,1.2731781005859375,0.12149810791015625,0.27996063232421875,0.34686279296875,0.740997314453125,0.9947052001953125,16311.973205566406,176256.02185058594,148808.58428955078,1881.9456787109375,17024311296,2550136832,6494298112,0
200,1742933168863,2801,2801,2801,2801,2801,2801,2801,2801,2.4235000610351563,0.21894073486328125,1.1960067749023438,0.1379852294921875,0.21784210205078125,0.03247833251953125,0.66363525390625,0.0613250732421875,16312.076110839844,176256.1616821289,148808.68994140625,1881.9456787109375,17024311296,2550136832,6495543296,0
200,1742933169064,2801,2801,2801,2801,2801,2801,2801,2801,3.3632659912109375,0.12683868408203125,1.280364990234375,0.1880340576171875,0.31158447265625,0.30983734130859375,1.4779205322265625,0.7950515747070313,16312.181823730469,176256.3505859375,148808.82550048828,1881.9503784179688,17024311296,2550136832,6495260672,0
200,1742933169264,2801,2801,2801,2801,2801,2801,2801,2801,0.22737884521484375,2.6429977416992188,1.9307632446289063,0.1706695556640625,0.259124755859375,0.123779296875,0.7280349731445313,0.15064239501953125,16312.287841796875,176256.54553222656,148808.94512939453,1881.9503784179688,17024311296,2550136832,6494949376,0
200,1742933169465,2801,2801,2801,2801,2801,2801,2801,2801,0.8643569946289063,2.56732177734375,1.1928939819335938,0.19821929931640625,0.2400665283203125,0.04653167724609375,0.7918777465820313,0.08553314208984375,16312.390869140625,176256.71453857422,148809.05603027344,1881.9503784179688,17024311296,2550136832,6494638080,0
200,1742933169666,2801,2801,2801,2801,2801,2801,2801,2801,0.34168243408203125,2.5035324096679688,1.2611312866210938,0.10065460205078125,0.25089263916015625,0.36814117431640625,0.6972122192382813,0.5171279907226563,16312.497436523438,176256.9115600586,148809.18603515625,1881.9552612304688,17024311296,2550136832,6494326784,0
200,1742933169867,2801,2801,2801,2801,2801,2801,2801,2801,0.2082672119140625,0.2498626708984375,3.4749832153320313,0.03521728515625,0.2159423828125,0.097137451171875,0.6358184814453125,0.1274261474609375,16312.601257324219,176257.05310058594,148809.28564453125,1881.9552612304688,17024311296,2550136832,6495543296,0
200,1742933170067,2801,2801,2801,2801,2801,2801,2801,2801,0.8564834594726563,0.21984100341796875,1.7695159912109375,0.1842193603515625,2.64154052734375,0.03507232666015625,0.9700698852539063,0.0229644775390625,16312.705139160156,176257.26092529297,148809.4100341797,1881.9552612304688,17024311296,2550136832,6495178752,0
200,1742933170268,2801,2801,2801,2801,2801,2801,2801,2801,2.8221817016601563,0.2627105712890625,1.2820281982421875,0.1062469482421875,0.2071685791015625,0.3543701171875,1.3940505981445313,0.44293212890625,16312.813354492188,176257.47259521484,148809.54736328125,1881.9591064453125,17024311296,2550136832,6494896128,0
200,1742933170469,2801,2801,2801,2801,2801,2801,2801,2801,0.463287353515625,0.276031494140625,1.3195114135742188,0.6750030517578125,2.471649169921875,0.0758209228515625,0.74224853515625,0.13858795166015625,16312.916625976563,176257.6300048828,148809.66973876953,1881.9591064453125,17024311296,2550136832,6494613504,0
200,1742933170669,2801,2801,2801,2801,2801,2801,2801,2801,0.3083038330078125,2.66522216796875,1.3487167358398438,0.04711151123046875,0.2391510009765625,0.42356109619140625,0.811981201171875,2.2284011840820313,16313.0244140625,176257.8819580078,148809.8353881836,1881.962646484375,17024311296,2550136832,6494298112,0
200,1742933170870,2801,2801,2801,2801,2801,2801,2801,2801,2.5058212280273438,0.22779083251953125,1.3813552856445313,0.1105804443359375,0.15770721435546875,0.0911102294921875,0.706146240234375,1.2563705444335938,16313.13134765625,176258.08099365234,148809.97229003906,1881.962646484375,17024311296,2550136832,6495424512,0
200,1742933171071,2801,2801,2801,2801,2801,2801,2801,2801,0.9648513793945313,0.1989593505859375,1.2647323608398438,0.11676788330078125,2.5640792846679688,0.197662353515625,0.6399154663085938,1.4738540649414063,16313.235046386719,176258.24444580078,148810.10089111328,1881.962646484375,17024311296,2550136832,6495014912,0
200,1742933171272,2801,2801,2801,2801,2801,2801,2801,2801,0.20916748046875,2.5809860229492188,1.2462310791015625,0.1261749267578125,0.33350372314453125,0.3375396728515625,1.5066070556640625,0.4036407470703125,16313.343017578125,176258.45629882813,148810.24249267578,1881.9674072265625,17024311296,2550136832,6494724096,0
200,1742933171472,2801,2801,2801,2801,2801,2801,2801,2801,3.421539306640625,0.23143768310546875,1.28717041015625,0.125335693359375,0.6006698608398438,0.149444580078125,1.0501480102539063,0.098236083984375,16313.446472167969,176258.62298583984,148810.36938476563,1881.9674072265625,17024311296,2550136832,6494412800,0
200,1742933171673,2801,2801,2801,2801,2801,2801,2801,2801,0.09435272216796875,0.13166046142578125,3.5830001831054688,0.1531829833984375,0.208282470703125,0.154083251953125,0.78240966796875,0.12523651123046875,16313.549499511719,176258.7628173828,148810.4761352539,1881.9674072265625,17024311296,2550136832,6494101504,0
200,1742933171874,2801,2801,2801,2801,2801,2801,2801,2801,0.6138381958007813,2.6541213989257813,1.2981719970703125,0.080047607421875,0.30818939208984375,0.31884765625,0.706146240234375,0.5471420288085938,16313.657287597656,176258.97552490234,148810.61309814453,1881.9716796875,17024311296,2550136832,6495326208,0
200,1742933172075,2801,2801,2801,2801,2801,2801,2801,2801,7.930938720703125,0.14984893798828125,3.81048583984375,1.1276321411132813,0.37792205810546875,0.46331024169921875,0.77471923828125,0.26378631591796875,16313.769409179688,176259.35192871094,148810.9008178711,1881.9716796875,17024311296,2550136832,6495129600,0
200,1742933172275,2801,2801,2801,2801,2801,2801,2801,2801,0.9043045043945313,0.229217529296875,3.6443862915039063,0.0467529296875,0.2853851318359375,0.34066009521484375,0.78424072265625,0.5078277587890625,16313.876770019531,176259.55786132813,148811.0421142578,1881.9761352539063,17024311296,2550136832,6494867456,0
200,1742933172476,2801,2801,2801,2801,2801,2801,2801,2801,0.5732879638671875,2.8435745239257813,3.4757919311523438,0.0565338134765625,0.33608245849609375,0.10196685791015625,0.7432479858398438,0.07959747314453125,16313.985168457031,176259.77111816406,148811.2056274414,1881.9761352539063,17024311296,2550136832,6495461376,0
200,1742933172677,2801,2801,2801,2801,2801,2801,2801,2801,0.147857666015625,2.294677734375,1.1317672729492188,0.23363494873046875,0.47838592529296875,0.076019287109375,0.6247406005859375,0.6259918212890625,16314.088562011719,176259.90997314453,148811.31176757813,1881.9761352539063,17024311296,2550136832,6495154176,0
200,1742933172877,2801,2801,2801,2801,2801,2801,2801,2801,0.277069091796875,0.3326568603515625,3.6165084838867188,0.09329986572265625,0.29793548583984375,0.347900390625,0.7251434326171875,0.5910415649414063,16314.196105957031,176260.11840820313,148811.44897460938,1881.9801025390625,17024311296,2550136832,6495363072,0
200,1742933173078,2801,2801,2801,2801,2801,2801,2801,2801,0.9453125,0.18506622314453125,1.4642562866210938,0.09380340576171875,2.7099075317382813,0.134552001953125,1.443328857421875,0.2429046630859375,16314.301574707031,176260.3060913086,148811.57916259766,1881.9801025390625,17024311296,2550136832,6495068160,0
200,1742933173279,2801,2801,2801,2801,2801,2801,2801,2801,0.0829925537109375,2.6802597045898438,1.9266281127929688,0.039947509765625,0.12358856201171875,0.05001068115234375,0.6965866088867188,0.04742431640625,16314.4052734375,176260.45635986328,148811.689453125,1881.9801025390625,17024311296,2550136832,6494756864,0
200,1742933173479,2801,2801,2801,2801,2801,2801,2801,2801,9.086700439453125,1.9107284545898438,8.927261352539063,1.05029296875,1.4554519653320313,0.5245513916015625,1.5752944946289063,0.6825408935546875,16314.518676757813,176261.05041503906,148812.14868164063,1881.9848022460938,17024311296,2550136832,6492418048,0
199,1742933173680,2801,2801,2801,2801,2801,2801,2801,2801,54.724830627441406,0.21184539794921875,40.08305358886719,7.9532012939453125,1.3259963989257813,0.092132568359375,2.059295654296875,0.1062469482421875,16314.625122070313,176263.53839111328,148814.4874267578,1881.9848022460938,17024311296,2550136832,6482194432,0
200,1742933173880,2801,2801,2801,2801,2801,2801,2801,2801,52.204551696777344,0.16347503662109375,35.537933349609375,10.551177978515625,1.681793212890625,0.4033660888671875,3.0838546752929688,0.40416717529296875,16314.740234375,176266.0164794922,148816.77404785156,1881.9893798828125,17024311296,2550136832,6494199808,0
200,1742933174081,2801,2801,2801,2801,2801,2801,2801,2801,52.71673583984375,0.21212005615234375,36.043128967285156,9.134918212890625,1.3411788940429688,0.25484466552734375,3.0493240356445313,0.20294952392578125,16314.847351074219,176268.4730834961,148819.06079101563,1881.9893798828125,17024311296,2550136832,6483869696,0
200,1742933174281,2801,2801,2801,2801,2801,2801,2801,2801,41.33635711669922,0.0983734130859375,21.21246337890625,4.977882385253906,0.17421722412109375,0.11649322509765625,0.6283187866210938,0.07175445556640625,16314.961364746094,176270.20349121094,148820.62481689453,1881.9893798828125,17024311296,2550136832,6488788992,0
1,1742933174482,2801,2801,2801,2801,2801,2801,2801,2801,2.1180877685546875,0.7877426147460938,4.448173522949219,0.118316650390625,0.9009857177734375,1.5029144287109375,1.9931564331054688,0.786651611328125,16315.079406738281,176270.51586914063,148820.82537841797,1882.0189208984375,17024311296,2550136832,6488100864,0
